"nested_zip","original_path","renamed_file","size_bytes","sha256"
"FINAL_R21_7PAR7_PLUS_7SERIES_E001_TERMINALS.zip","CONTROL_E001_EMPTY_BASE.pdsprj","artifacts/proteus_v9_recovery/files/FINAL_R21_7PAR7_PLUS_7SERIES_E001_TERMINALS__CONTROL_E001_EMPTY_BASE.pdsprj","10550","74532bcb33fcc293da833d13eb30e5fa1fec7865ebb3793eed51602ec719781f"
"FINAL_R21_7PAR7_PLUS_7SERIES_E001_TERMINALS.zip","FINAL_E001_R21_7PAR7_PLUS_7SERIES_TERMINALS_CDB_TRUE_SAFE_VISIBLE.pdsprj","artifacts/proteus_v9_recovery/files/FINAL_R21_7PAR7_PLUS_7SERIES_E001_TERMINALS__FINAL_E001_R21_7PAR7_PLUS_7SERIES_TERMINALS_CDB_TRUE_SAFE_VISIBLE.pdsprj","12480","f8ebdc1033ceece34a97a4001cf5d61571ec290b97fdd06c6006e83214b716e6"
"FINAL_R21_7PAR7_PLUS_7SERIES_E001_TERMINALS.zip","FINAL_E001_R21_7PAR7_PLUS_7SERIES_TERMINALS_CDB_TRUE_SAFE_VISIBLE.pdsprj.ROOT.CDB.bin","artifacts/proteus_v9_recovery/files/FINAL_R21_7PAR7_PLUS_7SERIES_E001_TERMINALS__FINAL_E001_R21_7PAR7_PLUS_7SERIES_TERMINALS_CDB_TRUE_SAFE_VISIBLE.pdsprj.ROOT.CDB.bin","2293","c5761d5ea7c1f9eb4ab831e32cc16110e48b98de87f42466e507581ceed31b84"
"FINAL_R21_7PAR7_PLUS_7SERIES_E001_TERMINALS.zip","FINAL_E001_R21_7PAR7_PLUS_7SERIES_TERMINALS_CDB_TRUE_SAFE_VISIBLE.pdsprj.ROOT.DSN.bin","artifacts/proteus_v9_recovery/files/FINAL_R21_7PAR7_PLUS_7SERIES_E001_TERMINALS__FINAL_E001_R21_7PAR7_PLUS_7SERIES_TERMINALS_CDB_TRUE_SAFE_VISIBLE.pdsprj.ROOT.DSN.bin","77217","a384e07a5c0958b4ec48d16e8e0e53e97c892347b2d048c9719116106abfba08"
"FINAL_R21_7PAR7_PLUS_7SERIES_E001_TERMINALS.zip","generation_code_used.py","artifacts/proteus_v9_recovery/files/FINAL_R21_7PAR7_PLUS_7SERIES_E001_TERMINALS__generation_code_used.py","10356","d652276449122bf5bafc2c364eb60e1153354049cbad9dde1a116cd741a67d88"
"FINAL_R21_7PAR7_PLUS_7SERIES_E001_TERMINALS.zip","manifest.json","artifacts/proteus_v9_recovery/files/FINAL_R21_7PAR7_PLUS_7SERIES_E001_TERMINALS__manifest.json","956","4d687e8a5246c8bf3f2db019ce5544db3f77827225de9bca8af42a091dab524e"
"FINAL_R21_7PAR7_PLUS_7SERIES_E001_TERMINALS.zip","OPTIONAL_E001_R21_7PAR7_PLUS_7SERIES_TERMINALS_TRUE_VISIBLE_VALUES.pdsprj","artifacts/proteus_v9_recovery/files/FINAL_R21_7PAR7_PLUS_7SERIES_E001_TERMINALS__OPTIONAL_E001_R21_7PAR7_PLUS_7SERIES_TERMINALS_TRUE_VISIBLE_VALUES.pdsprj","12497","8fb10ddeaf7d168bfb623fec62dcced3a026b616ae64ac78eb88e0c035be6e12"
"FINAL_R21_7PAR7_PLUS_7SERIES_E001_TERMINALS.zip","OPTIONAL_E001_R21_7PAR7_PLUS_7SERIES_TERMINALS_TRUE_VISIBLE_VALUES.pdsprj.ROOT.CDB.bin","artifacts/proteus_v9_recovery/files/FINAL_R21_7PAR7_PLUS_7SERIES_E001_TERMINALS__OPTIONAL_E001_R21_7PAR7_PLUS_7SERIES_TERMINALS_TRUE_VISIBLE_VALUES.pdsprj.ROOT.CDB.bin","2293","c5761d5ea7c1f9eb4ab831e32cc16110e48b98de87f42466e507581ceed31b84"
"FINAL_R21_7PAR7_PLUS_7SERIES_E001_TERMINALS.zip","OPTIONAL_E001_R21_7PAR7_PLUS_7SERIES_TERMINALS_TRUE_VISIBLE_VALUES.pdsprj.ROOT.DSN.bin","artifacts/proteus_v9_recovery/files/FINAL_R21_7PAR7_PLUS_7SERIES_E001_TERMINALS__OPTIONAL_E001_R21_7PAR7_PLUS_7SERIES_TERMINALS_TRUE_VISIBLE_VALUES.pdsprj.ROOT.DSN.bin","77241","9d4aa9a09d9d8b0296fc067a6edc9ec41ca6a69a29dc3237468ca0987b93f867"
"FINAL_R21_7PAR7_PLUS_7SERIES_E001_TERMINALS.zip","README_TEST_FIRST.txt","artifacts/proteus_v9_recovery/files/FINAL_R21_7PAR7_PLUS_7SERIES_E001_TERMINALS__README_TEST_FIRST.txt","1052","80a9b8eefa646e221370c7ab740b78630e8fca7b0c198c007ad8ecee7a392f7b"
"FINAL_R21_7PAR7_PLUS_7SERIES_E001_TERMINALS.zip","topology_map.json","artifacts/proteus_v9_recovery/files/FINAL_R21_7PAR7_PLUS_7SERIES_E001_TERMINALS__topology_map.json","3731","3a79be27a8b06e2ebcf08b1f3f5ef23bda6e9f494d2aa4341748af7af11da231"
"R21_E001_B02_ORDER_FIXED_GENERATION.zip","CONTROL_E001_EMPTY_BASE.pdsprj","artifacts/proteus_v9_recovery/files/R21_E001_B02_ORDER_FIXED_GENERATION__CONTROL_E001_EMPTY_BASE.pdsprj","10550","74532bcb33fcc293da833d13eb30e5fa1fec7865ebb3793eed51602ec719781f"
"R21_E001_B02_ORDER_FIXED_GENERATION.zip","FINAL_B02_ORDER_R21_7PAR7_PLUS_7SERIES_TERMINALS.pdsprj","artifacts/proteus_v9_recovery/files/R21_E001_B02_ORDER_FIXED_GENERATION__FINAL_B02_ORDER_R21_7PAR7_PLUS_7SERIES_TERMINALS.pdsprj","12979","dd15f193f0cdd3239143050a4988d6d9ba81174c0b893ec96d8c73a7370f4e6f"
"R21_E001_B02_ORDER_FIXED_GENERATION.zip","FINAL_B02_ORDER_R21_7PAR7_PLUS_7SERIES_TERMINALS.ROOT.CDB.bin","artifacts/proteus_v9_recovery/files/R21_E001_B02_ORDER_FIXED_GENERATION__FINAL_B02_ORDER_R21_7PAR7_PLUS_7SERIES_TERMINALS.ROOT.CDB.bin","2293","c5761d5ea7c1f9eb4ab831e32cc16110e48b98de87f42466e507581ceed31b84"
"R21_E001_B02_ORDER_FIXED_GENERATION.zip","FINAL_B02_ORDER_R21_7PAR7_PLUS_7SERIES_TERMINALS.ROOT.DSN.bin","artifacts/proteus_v9_recovery/files/R21_E001_B02_ORDER_FIXED_GENERATION__FINAL_B02_ORDER_R21_7PAR7_PLUS_7SERIES_TERMINALS.ROOT.DSN.bin","79318","5c2bc91566542448d8d8d1c6a57b99993063da16a01788b198555915dae499a6"
"R21_E001_B02_ORDER_FIXED_GENERATION.zip","generation_code_used.py","artifacts/proteus_v9_recovery/files/R21_E001_B02_ORDER_FIXED_GENERATION__generation_code_used.py","8671","b4de100033a61f14dc4322b502812ca039f3482c0e0c5fbd30e81b0495da9326"
"R21_E001_B02_ORDER_FIXED_GENERATION.zip","manifest.json","artifacts/proteus_v9_recovery/files/R21_E001_B02_ORDER_FIXED_GENERATION__manifest.json","5119","4ed4d88470e054744973448bd24dff040c470801ae4d041a736aa8e6d6730444"
"R21_E001_B02_ORDER_FIXED_GENERATION.zip","README_TEST_FIRST.txt","artifacts/proteus_v9_recovery/files/R21_E001_B02_ORDER_FIXED_GENERATION__README_TEST_FIRST.txt","370","126f176e1fe1d7bac2fb8da3e9ea658d5403178ee7c730db7a7237d8e29120ba"
"R21_E001_B02_ORDER_FIXED_GENERATION.zip","TEST_B02_ORDER_R1_TERMINAL_RESISTOR_TERMINAL.pdsprj","artifacts/proteus_v9_recovery/files/R21_E001_B02_ORDER_FIXED_GENERATION__TEST_B02_ORDER_R1_TERMINAL_RESISTOR_TERMINAL.pdsprj","11112","b8899ccdce5ecd70a05e606518e2637bd71ed744e1564866c0038f76db81c676"
"R21_E001_B02_ORDER_FIXED_GENERATION.zip","TEST_B02_ORDER_R1_TERMINAL_RESISTOR_TERMINAL.ROOT.CDB.bin","artifacts/proteus_v9_recovery/files/R21_E001_B02_ORDER_FIXED_GENERATION__TEST_B02_ORDER_R1_TERMINAL_RESISTOR_TERMINAL.ROOT.CDB.bin","221","a3af4098f6eb5bc46501fdabe58d0f66b2bb3aac9917be1692e2525daa684c1d"
"R21_E001_B02_ORDER_FIXED_GENERATION.zip","TEST_B02_ORDER_R1_TERMINAL_RESISTOR_TERMINAL.ROOT.DSN.bin","artifacts/proteus_v9_recovery/files/R21_E001_B02_ORDER_FIXED_GENERATION__TEST_B02_ORDER_R1_TERMINAL_RESISTOR_TERMINAL.ROOT.DSN.bin","66258","3e7e16a7a7b259896dd57e5a60575095fd4bbc56368fbd980617fcc7942a6e6d"
"R21_E001_B02_ORDER_FIXED_GENERATION.zip","TEST_B02_ORDER_R2_SERIES_TERMINALS.pdsprj","artifacts/proteus_v9_recovery/files/R21_E001_B02_ORDER_FIXED_GENERATION__TEST_B02_ORDER_R2_SERIES_TERMINALS.pdsprj","11226","d4a90b1314ffe29760bad39c479b56c79dbb53a8d34386108a97029f85d50d12"
"R21_E001_B02_ORDER_FIXED_GENERATION.zip","TEST_B02_ORDER_R2_SERIES_TERMINALS.ROOT.CDB.bin","artifacts/proteus_v9_recovery/files/R21_E001_B02_ORDER_FIXED_GENERATION__TEST_B02_ORDER_R2_SERIES_TERMINALS.ROOT.CDB.bin","324","d627fc676a665734db164e1dcdf451faaddfac723d2dcafa24612f349866d73e"
"R21_E001_B02_ORDER_FIXED_GENERATION.zip","TEST_B02_ORDER_R2_SERIES_TERMINALS.ROOT.DSN.bin","artifacts/proteus_v9_recovery/files/R21_E001_B02_ORDER_FIXED_GENERATION__TEST_B02_ORDER_R2_SERIES_TERMINALS.ROOT.DSN.bin","66911","cd0c7dac515db8f749f7903ac739bef4d18092dcc78587ed8c7d72c1aae03139"
"R21_E001_B02_ORDER_TERMINATOR_FIXED_GENERATION.zip","CONTROL_E001_EMPTY_BASE.pdsprj","artifacts/proteus_v9_recovery/files/R21_E001_B02_ORDER_TERMINATOR_FIXED_GENERATION__CONTROL_E001_EMPTY_BASE.pdsprj","10550","74532bcb33fcc293da833d13eb30e5fa1fec7865ebb3793eed51602ec719781f"
"R21_E001_B02_ORDER_TERMINATOR_FIXED_GENERATION.zip","FINAL_B02_ORDER_R21_7PAR7_PLUS_7SERIES_TERMINALS.pdsprj","artifacts/proteus_v9_recovery/files/R21_E001_B02_ORDER_TERMINATOR_FIXED_GENERATION__FINAL_B02_ORDER_R21_7PAR7_PLUS_7SERIES_TERMINALS.pdsprj","12979","a43737bbfa1ce088df5f1c77285d95dd1a77081351310aa90b0914b261fe9d43"
"R21_E001_B02_ORDER_TERMINATOR_FIXED_GENERATION.zip","FINAL_B02_ORDER_R21_7PAR7_PLUS_7SERIES_TERMINALS.ROOT.CDB.bin","artifacts/proteus_v9_recovery/files/R21_E001_B02_ORDER_TERMINATOR_FIXED_GENERATION__FINAL_B02_ORDER_R21_7PAR7_PLUS_7SERIES_TERMINALS.ROOT.CDB.bin","2293","c5761d5ea7c1f9eb4ab831e32cc16110e48b98de87f42466e507581ceed31b84"
"R21_E001_B02_ORDER_TERMINATOR_FIXED_GENERATION.zip","FINAL_B02_ORDER_R21_7PAR7_PLUS_7SERIES_TERMINALS.ROOT.DSN.bin","artifacts/proteus_v9_recovery/files/R21_E001_B02_ORDER_TERMINATOR_FIXED_GENERATION__FINAL_B02_ORDER_R21_7PAR7_PLUS_7SERIES_TERMINALS.ROOT.DSN.bin","79318","779cda8bdb4f497bad9b56dec2c3f269738677cfc4ea5283745b0bb5af3c7d5c"
"R21_E001_B02_ORDER_TERMINATOR_FIXED_GENERATION.zip","generation_code_used.py","artifacts/proteus_v9_recovery/files/R21_E001_B02_ORDER_TERMINATOR_FIXED_GENERATION__generation_code_used.py","8929","bf02a3d52e7d11cf427edd73c03e4522c26ae7fe0ba81fa15aa2726af83496f8"
"R21_E001_B02_ORDER_TERMINATOR_FIXED_GENERATION.zip","manifest.json","artifacts/proteus_v9_recovery/files/R21_E001_B02_ORDER_TERMINATOR_FIXED_GENERATION__manifest.json","5119","4ed4d88470e054744973448bd24dff040c470801ae4d041a736aa8e6d6730444"
"R21_E001_B02_ORDER_TERMINATOR_FIXED_GENERATION.zip","README_TEST_FIRST.txt","artifacts/proteus_v9_recovery/files/R21_E001_B02_ORDER_TERMINATOR_FIXED_GENERATION__README_TEST_FIRST.txt","370","126f176e1fe1d7bac2fb8da3e9ea658d5403178ee7c730db7a7237d8e29120ba"
"R21_E001_B02_ORDER_TERMINATOR_FIXED_GENERATION.zip","TEST_B02_ORDER_R1_TERMINAL_RESISTOR_TERMINAL.pdsprj","artifacts/proteus_v9_recovery/files/R21_E001_B02_ORDER_TERMINATOR_FIXED_GENERATION__TEST_B02_ORDER_R1_TERMINAL_RESISTOR_TERMINAL.pdsprj","11113","1cb5d2f770d2850b9323104b35ce23f1c43cb01483c44ef64aef5bd7dcbbfe72"
"R21_E001_B02_ORDER_TERMINATOR_FIXED_GENERATION.zip","TEST_B02_ORDER_R1_TERMINAL_RESISTOR_TERMINAL.ROOT.CDB.bin","artifacts/proteus_v9_recovery/files/R21_E001_B02_ORDER_TERMINATOR_FIXED_GENERATION__TEST_B02_ORDER_R1_TERMINAL_RESISTOR_TERMINAL.ROOT.CDB.bin","221","a3af4098f6eb5bc46501fdabe58d0f66b2bb3aac9917be1692e2525daa684c1d"
"R21_E001_B02_ORDER_TERMINATOR_FIXED_GENERATION.zip","TEST_B02_ORDER_R1_TERMINAL_RESISTOR_TERMINAL.ROOT.DSN.bin","artifacts/proteus_v9_recovery/files/R21_E001_B02_ORDER_TERMINATOR_FIXED_GENERATION__TEST_B02_ORDER_R1_TERMINAL_RESISTOR_TERMINAL.ROOT.DSN.bin","66258","b5b8c2271a94aec174a9aa35de0f7f6581eceeb2dd316ad8f152dbc48a2ad8a0"
"R21_E001_B02_ORDER_TERMINATOR_FIXED_GENERATION.zip","TEST_B02_ORDER_R2_SERIES_TERMINALS.pdsprj","artifacts/proteus_v9_recovery/files/R21_E001_B02_ORDER_TERMINATOR_FIXED_GENERATION__TEST_B02_ORDER_R2_SERIES_TERMINALS.pdsprj","11226","0fe50411ba92aa40e94a5168b5983f11016a887544b6f971edcbbfe280cf86da"
"R21_E001_B02_ORDER_TERMINATOR_FIXED_GENERATION.zip","TEST_B02_ORDER_R2_SERIES_TERMINALS.ROOT.CDB.bin","artifacts/proteus_v9_recovery/files/R21_E001_B02_ORDER_TERMINATOR_FIXED_GENERATION__TEST_B02_ORDER_R2_SERIES_TERMINALS.ROOT.CDB.bin","324","d627fc676a665734db164e1dcdf451faaddfac723d2dcafa24612f349866d73e"
"R21_E001_B02_ORDER_TERMINATOR_FIXED_GENERATION.zip","TEST_B02_ORDER_R2_SERIES_TERMINALS.ROOT.DSN.bin","artifacts/proteus_v9_recovery/files/R21_E001_B02_ORDER_TERMINATOR_FIXED_GENERATION__TEST_B02_ORDER_R2_SERIES_TERMINALS.ROOT.DSN.bin","66911","befa94d07fcda4ab10df09e5a10e6f584c5ed2e96f97d95193d050ae2dd41fb4"
"R21_E001_B02_SUFFIX_LINKED_V8.zip","CONTROL_E001_EMPTY_BASE.pdsprj","artifacts/proteus_v9_recovery/files/R21_E001_B02_SUFFIX_LINKED_V8__CONTROL_E001_EMPTY_BASE.pdsprj","10550","74532bcb33fcc293da833d13eb30e5fa1fec7865ebb3793eed51602ec719781f"
"R21_E001_B02_SUFFIX_LINKED_V8.zip","FINAL_B02_LINKED_R21_7PAR7_PLUS_7SERIES_TERMINALS.pdsprj","artifacts/proteus_v9_recovery/files/R21_E001_B02_SUFFIX_LINKED_V8__FINAL_B02_LINKED_R21_7PAR7_PLUS_7SERIES_TERMINALS.pdsprj","13020","60ac27708365a31f36a57641097c1995d2067a7776d150705dd24ed2c997ec9b"
"R21_E001_B02_SUFFIX_LINKED_V8.zip","FINAL_B02_LINKED_R21_7PAR7_PLUS_7SERIES_TERMINALS.ROOT.CDB.bin","artifacts/proteus_v9_recovery/files/R21_E001_B02_SUFFIX_LINKED_V8__FINAL_B02_LINKED_R21_7PAR7_PLUS_7SERIES_TERMINALS.ROOT.CDB.bin","2293","c5761d5ea7c1f9eb4ab831e32cc16110e48b98de87f42466e507581ceed31b84"
"R21_E001_B02_SUFFIX_LINKED_V8.zip","FINAL_B02_LINKED_R21_7PAR7_PLUS_7SERIES_TERMINALS.ROOT.DSN.bin","artifacts/proteus_v9_recovery/files/R21_E001_B02_SUFFIX_LINKED_V8__FINAL_B02_LINKED_R21_7PAR7_PLUS_7SERIES_TERMINALS.ROOT.DSN.bin","79318","5db68f9fa890909695c4f3f808ec15833f95cb93a688a13fb82c8c93b7a59252"
"R21_E001_B02_SUFFIX_LINKED_V8.zip","generation_code_used.py","artifacts/proteus_v9_recovery/files/R21_E001_B02_SUFFIX_LINKED_V8__generation_code_used.py","10819","09413aec813509664ef1acaebbf02cbb3f9a882744278a14dbc936eee301229f"
"R21_E001_B02_SUFFIX_LINKED_V8.zip","manifest.json","artifacts/proteus_v9_recovery/files/R21_E001_B02_SUFFIX_LINKED_V8__manifest.json","6646","f4e3f5ae43dc22e6274bc5e551b1eb7af4e5d8a867ffd9a923218537f4b9db85"
"R21_E001_B02_SUFFIX_LINKED_V8.zip","README_TEST_FIRST.txt","artifacts/proteus_v9_recovery/files/R21_E001_B02_SUFFIX_LINKED_V8__README_TEST_FIRST.txt","555","1d9a0530db31a9ca93d829a01eb7c3f5a10a2b22eba87dbc809300ff5d7207b7"
"R21_E001_B02_SUFFIX_LINKED_V8.zip","TEST_B02_LINKED_R1_TERMINAL_RESISTOR_TERMINAL.pdsprj","artifacts/proteus_v9_recovery/files/R21_E001_B02_SUFFIX_LINKED_V8__TEST_B02_LINKED_R1_TERMINAL_RESISTOR_TERMINAL.pdsprj","11112","8aa8125447ae06701966798f973b4f8114a85a0ee1f132a77eb84d06531d7efc"
"R21_E001_B02_SUFFIX_LINKED_V8.zip","TEST_B02_LINKED_R1_TERMINAL_RESISTOR_TERMINAL.ROOT.CDB.bin","artifacts/proteus_v9_recovery/files/R21_E001_B02_SUFFIX_LINKED_V8__TEST_B02_LINKED_R1_TERMINAL_RESISTOR_TERMINAL.ROOT.CDB.bin","221","a3af4098f6eb5bc46501fdabe58d0f66b2bb3aac9917be1692e2525daa684c1d"
"R21_E001_B02_SUFFIX_LINKED_V8.zip","TEST_B02_LINKED_R1_TERMINAL_RESISTOR_TERMINAL.ROOT.DSN.bin","artifacts/proteus_v9_recovery/files/R21_E001_B02_SUFFIX_LINKED_V8__TEST_B02_LINKED_R1_TERMINAL_RESISTOR_TERMINAL.ROOT.DSN.bin","66258","9c2b731e57abd159d51f3e7f9c0f30485a88ee718a93ac53e62fd69980d13189"
"R21_E001_B02_SUFFIX_LINKED_V8.zip","TEST_B02_LINKED_R2_SERIES_TERMINALS.pdsprj","artifacts/proteus_v9_recovery/files/R21_E001_B02_SUFFIX_LINKED_V8__TEST_B02_LINKED_R2_SERIES_TERMINALS.pdsprj","11224","4bb0bbd905f94306fc78bacf20749d81278a24605c15439b332dfe6fbff0b9c9"
"R21_E001_B02_SUFFIX_LINKED_V8.zip","TEST_B02_LINKED_R2_SERIES_TERMINALS.ROOT.CDB.bin","artifacts/proteus_v9_recovery/files/R21_E001_B02_SUFFIX_LINKED_V8__TEST_B02_LINKED_R2_SERIES_TERMINALS.ROOT.CDB.bin","324","d627fc676a665734db164e1dcdf451faaddfac723d2dcafa24612f349866d73e"
"R21_E001_B02_SUFFIX_LINKED_V8.zip","TEST_B02_LINKED_R2_SERIES_TERMINALS.ROOT.DSN.bin","artifacts/proteus_v9_recovery/files/R21_E001_B02_SUFFIX_LINKED_V8__TEST_B02_LINKED_R2_SERIES_TERMINALS.ROOT.DSN.bin","66911","8f3367f1f630a722bab8880d345cda5c9adb3bbfa3a1d6fc7b8344c41a60605f"
"R21_E001_B02_V9_NO_PREMATURE_TERMINATORS.zip","CONTROL_E001_EMPTY_BASE.pdsprj","artifacts/proteus_v9_recovery/files/R21_E001_B02_V9_NO_PREMATURE_TERMINATORS__CONTROL_E001_EMPTY_BASE.pdsprj","10550","74532bcb33fcc293da833d13eb30e5fa1fec7865ebb3793eed51602ec719781f"
"R21_E001_B02_V9_NO_PREMATURE_TERMINATORS.zip","FINAL_B02_LINKED_R21_7PAR7_PLUS_7SERIES_TERMINALS.pdsprj","artifacts/proteus_v9_recovery/files/R21_E001_B02_V9_NO_PREMATURE_TERMINATORS__FINAL_B02_LINKED_R21_7PAR7_PLUS_7SERIES_TERMINALS.pdsprj","13013","e5ae153c51a662eeb0f5ac5086306d56e471ca06bfdeb44f7cc415456a4dae41"
"R21_E001_B02_V9_NO_PREMATURE_TERMINATORS.zip","FINAL_B02_LINKED_R21_7PAR7_PLUS_7SERIES_TERMINALS.ROOT.CDB.bin","artifacts/proteus_v9_recovery/files/R21_E001_B02_V9_NO_PREMATURE_TERMINATORS__FINAL_B02_LINKED_R21_7PAR7_PLUS_7SERIES_TERMINALS.ROOT.CDB.bin","2293","c5761d5ea7c1f9eb4ab831e32cc16110e48b98de87f42466e507581ceed31b84"
"R21_E001_B02_V9_NO_PREMATURE_TERMINATORS.zip","FINAL_B02_LINKED_R21_7PAR7_PLUS_7SERIES_TERMINALS.ROOT.DSN.bin","artifacts/proteus_v9_recovery/files/R21_E001_B02_V9_NO_PREMATURE_TERMINATORS__FINAL_B02_LINKED_R21_7PAR7_PLUS_7SERIES_TERMINALS.ROOT.DSN.bin","79318","2c02fbfae25b4d6c904beebc13dcf4fd6ff018d8bbc4fb8d3019667e393afedd"
"R21_E001_B02_V9_NO_PREMATURE_TERMINATORS.zip","generation_code_used.py","artifacts/proteus_v9_recovery/files/R21_E001_B02_V9_NO_PREMATURE_TERMINATORS__generation_code_used.py","11697","8195345084c86a756792a118ba871a30302d7de079529e9d4a3b27153bd3e469"
"R21_E001_B02_V9_NO_PREMATURE_TERMINATORS.zip","manifest.json","artifacts/proteus_v9_recovery/files/R21_E001_B02_V9_NO_PREMATURE_TERMINATORS__manifest.json","6646","f4e3f5ae43dc22e6274bc5e551b1eb7af4e5d8a867ffd9a923218537f4b9db85"
"R21_E001_B02_V9_NO_PREMATURE_TERMINATORS.zip","README_TEST_FIRST.txt","artifacts/proteus_v9_recovery/files/R21_E001_B02_V9_NO_PREMATURE_TERMINATORS__README_TEST_FIRST.txt","568","f2f64f33481d56584cb2cdc564290a6d5c9a99f2a908d99c6ab3e326fc9ed158"
"R21_E001_B02_V9_NO_PREMATURE_TERMINATORS.zip","TEST_B02_LINKED_R1_TERMINAL_RESISTOR_TERMINAL.pdsprj","artifacts/proteus_v9_recovery/files/R21_E001_B02_V9_NO_PREMATURE_TERMINATORS__TEST_B02_LINKED_R1_TERMINAL_RESISTOR_TERMINAL.pdsprj","11112","b89057598db25c30c867c705e0f5e4bac53e0f581d62c4c10883e0ca664a73e5"
"R21_E001_B02_V9_NO_PREMATURE_TERMINATORS.zip","TEST_B02_LINKED_R1_TERMINAL_RESISTOR_TERMINAL.ROOT.CDB.bin","artifacts/proteus_v9_recovery/files/R21_E001_B02_V9_NO_PREMATURE_TERMINATORS__TEST_B02_LINKED_R1_TERMINAL_RESISTOR_TERMINAL.ROOT.CDB.bin","221","a3af4098f6eb5bc46501fdabe58d0f66b2bb3aac9917be1692e2525daa684c1d"
"R21_E001_B02_V9_NO_PREMATURE_TERMINATORS.zip","TEST_B02_LINKED_R1_TERMINAL_RESISTOR_TERMINAL.ROOT.DSN.bin","artifacts/proteus_v9_recovery/files/R21_E001_B02_V9_NO_PREMATURE_TERMINATORS__TEST_B02_LINKED_R1_TERMINAL_RESISTOR_TERMINAL.ROOT.DSN.bin","66258","9c2b731e57abd159d51f3e7f9c0f30485a88ee718a93ac53e62fd69980d13189"
"R21_E001_B02_V9_NO_PREMATURE_TERMINATORS.zip","TEST_B02_LINKED_R2_SERIES_TERMINALS.pdsprj","artifacts/proteus_v9_recovery/files/R21_E001_B02_V9_NO_PREMATURE_TERMINATORS__TEST_B02_LINKED_R2_SERIES_TERMINALS.pdsprj","11224","a956365b672b16ec3495639ba17b3c995d3c2728aa3c325831795cf5ba5b6e64"
"R21_E001_B02_V9_NO_PREMATURE_TERMINATORS.zip","TEST_B02_LINKED_R2_SERIES_TERMINALS.ROOT.CDB.bin","artifacts/proteus_v9_recovery/files/R21_E001_B02_V9_NO_PREMATURE_TERMINATORS__TEST_B02_LINKED_R2_SERIES_TERMINALS.ROOT.CDB.bin","324","d627fc676a665734db164e1dcdf451faaddfac723d2dcafa24612f349866d73e"
"R21_E001_B02_V9_NO_PREMATURE_TERMINATORS.zip","TEST_B02_LINKED_R2_SERIES_TERMINALS.ROOT.DSN.bin","artifacts/proteus_v9_recovery/files/R21_E001_B02_V9_NO_PREMATURE_TERMINATORS__TEST_B02_LINKED_R2_SERIES_TERMINALS.ROOT.DSN.bin","66911","8f3367f1f630a722bab8880d345cda5c9adb3bbfa3a1d6fc7b8344c41a60605f"
"R21_E001_E019_GROUP_ORDER_GENERATION.zip","CONTROL_E001_EMPTY_BASE.pdsprj","artifacts/proteus_v9_recovery/files/R21_E001_E019_GROUP_ORDER_GENERATION__CONTROL_E001_EMPTY_BASE.pdsprj","10550","74532bcb33fcc293da833d13eb30e5fa1fec7865ebb3793eed51602ec719781f"
"R21_E001_E019_GROUP_ORDER_GENERATION.zip","FINAL_E019_ORDER_R21_7PAR7_PLUS_7SERIES_TERMINALS.pdsprj","artifacts/proteus_v9_recovery/files/R21_E001_E019_GROUP_ORDER_GENERATION__FINAL_E019_ORDER_R21_7PAR7_PLUS_7SERIES_TERMINALS.pdsprj","12951","326ed7fb208f95804903f6c6c782b97346f674f440dbbe3ede2909e27aa866ad"
"R21_E001_E019_GROUP_ORDER_GENERATION.zip","FINAL_E019_ORDER_R21_7PAR7_PLUS_7SERIES_TERMINALS.ROOT.CDB.bin","artifacts/proteus_v9_recovery/files/R21_E001_E019_GROUP_ORDER_GENERATION__FINAL_E019_ORDER_R21_7PAR7_PLUS_7SERIES_TERMINALS.ROOT.CDB.bin","2293","c5761d5ea7c1f9eb4ab831e32cc16110e48b98de87f42466e507581ceed31b84"
"R21_E001_E019_GROUP_ORDER_GENERATION.zip","FINAL_E019_ORDER_R21_7PAR7_PLUS_7SERIES_TERMINALS.ROOT.DSN.bin","artifacts/proteus_v9_recovery/files/R21_E001_E019_GROUP_ORDER_GENERATION__FINAL_E019_ORDER_R21_7PAR7_PLUS_7SERIES_TERMINALS.ROOT.DSN.bin","79320","f5fe9da33c3bfa62b5eea48b154f4c1eb57e0aba3bd18d61c459432bef068ce0"
"R21_E001_E019_GROUP_ORDER_GENERATION.zip","generation_code_used.py","artifacts/proteus_v9_recovery/files/R21_E001_E019_GROUP_ORDER_GENERATION__generation_code_used.py","9540","bd6ca80f4d5d8568837ab1e105b06a20f70325961bfc88a00061d6ec51bb5019"
"R21_E001_E019_GROUP_ORDER_GENERATION.zip","manifest.json","artifacts/proteus_v9_recovery/files/R21_E001_E019_GROUP_ORDER_GENERATION__manifest.json","5393","33c79fc09399e3886658d8a2e92ff63671d924294571c3d5eb773305ab5848d4"
"R21_E001_E019_GROUP_ORDER_GENERATION.zip","README_TEST_FIRST.txt","artifacts/proteus_v9_recovery/files/R21_E001_E019_GROUP_ORDER_GENERATION__README_TEST_FIRST.txt","474","d3f8bc3ae590d46910623da9f71f41e27368ed0da6227e45fc675e4f6440a91e"
"R21_E001_E019_GROUP_ORDER_GENERATION.zip","TEST_E019_ORDER_R1_TERMINAL_RESISTOR_TERMINAL.pdsprj","artifacts/proteus_v9_recovery/files/R21_E001_E019_GROUP_ORDER_GENERATION__TEST_E019_ORDER_R1_TERMINAL_RESISTOR_TERMINAL.pdsprj","11110","c046171b58d1c7b0ff5d3b75e79db580f020dcb56552f46835e0b80226accd7c"
"R21_E001_E019_GROUP_ORDER_GENERATION.zip","TEST_E019_ORDER_R1_TERMINAL_RESISTOR_TERMINAL.ROOT.CDB.bin","artifacts/proteus_v9_recovery/files/R21_E001_E019_GROUP_ORDER_GENERATION__TEST_E019_ORDER_R1_TERMINAL_RESISTOR_TERMINAL.ROOT.CDB.bin","221","a3af4098f6eb5bc46501fdabe58d0f66b2bb3aac9917be1692e2525daa684c1d"
"R21_E001_E019_GROUP_ORDER_GENERATION.zip","TEST_E019_ORDER_R1_TERMINAL_RESISTOR_TERMINAL.ROOT.DSN.bin","artifacts/proteus_v9_recovery/files/R21_E001_E019_GROUP_ORDER_GENERATION__TEST_E019_ORDER_R1_TERMINAL_RESISTOR_TERMINAL.ROOT.DSN.bin","66260","65376d65bb9e0debf6a874ffe171f81707fde9bed09dd3c81947d6170e61e95d"
"R21_E001_E019_GROUP_ORDER_GENERATION.zip","TEST_E019_ORDER_R2_SERIES_TERMINALS.pdsprj","artifacts/proteus_v9_recovery/files/R21_E001_E019_GROUP_ORDER_GENERATION__TEST_E019_ORDER_R2_SERIES_TERMINALS.pdsprj","11222","c05dcd7d2f568fb50a983e155b13645212ccb54a440b2a052171b498c773b392"
"R21_E001_E019_GROUP_ORDER_GENERATION.zip","TEST_E019_ORDER_R2_SERIES_TERMINALS.ROOT.CDB.bin","artifacts/proteus_v9_recovery/files/R21_E001_E019_GROUP_ORDER_GENERATION__TEST_E019_ORDER_R2_SERIES_TERMINALS.ROOT.CDB.bin","324","d627fc676a665734db164e1dcdf451faaddfac723d2dcafa24612f349866d73e"
"R21_E001_E019_GROUP_ORDER_GENERATION.zip","TEST_E019_ORDER_R2_SERIES_TERMINALS.ROOT.DSN.bin","artifacts/proteus_v9_recovery/files/R21_E001_E019_GROUP_ORDER_GENERATION__TEST_E019_ORDER_R2_SERIES_TERMINALS.ROOT.DSN.bin","66913","95023f9a5b83b3edd6cca5002347a3a79f0a3021c9d8fcfd66df3cf9ab257fe1"
"R21_TERMINAL_NETWORK_V4_ORDER_SUFFIX_DIAGNOSTICS.zip","R21_TERMINAL_NETWORK_V4_ORDER_SUFFIX_DIAGNOSTICS/CONTROL_E001_EMPTY_BASE.pdsprj","artifacts/proteus_v9_recovery/files/R21_TERMINAL_NETWORK_V4_ORDER_SUFFIX_DIAGNOSTICS__CONTROL_E001_EMPTY_BASE.pdsprj","10550","74532bcb33fcc293da833d13eb30e5fa1fec7865ebb3793eed51602ec719781f"
"R21_TERMINAL_NETWORK_V4_ORDER_SUFFIX_DIAGNOSTICS.zip","R21_TERMINAL_NETWORK_V4_ORDER_SUFFIX_DIAGNOSTICS/generation_code_used.py","artifacts/proteus_v9_recovery/files/R21_TERMINAL_NETWORK_V4_ORDER_SUFFIX_DIAGNOSTICS__generation_code_used.py","14513","191cf295506cee13974f9a0d2a4f8109e390d052c18953c6647722cc7bdd3a78"
"R21_TERMINAL_NETWORK_V4_ORDER_SUFFIX_DIAGNOSTICS.zip","R21_TERMINAL_NETWORK_V4_ORDER_SUFFIX_DIAGNOSTICS/manifest.json","artifacts/proteus_v9_recovery/files/R21_TERMINAL_NETWORK_V4_ORDER_SUFFIX_DIAGNOSTICS__manifest.json","9795","fb72c370a5771e675714300316d2e6215e325443e4e72e72893cc878a518730b"
"R21_TERMINAL_NETWORK_V4_ORDER_SUFFIX_DIAGNOSTICS.zip","R21_TERMINAL_NETWORK_V4_ORDER_SUFFIX_DIAGNOSTICS/README_TEST_FIRST.txt","artifacts/proteus_v9_recovery/files/R21_TERMINAL_NETWORK_V4_ORDER_SUFFIX_DIAGNOSTICS__README_TEST_FIRST.txt","1520","1ce88670cb77bda367c8ecc0c31820fb21b9e32422905b8db112a019f2c012aa"
"R21_TERMINAL_NETWORK_V4_ORDER_SUFFIX_DIAGNOSTICS.zip","R21_TERMINAL_NETWORK_V4_ORDER_SUFFIX_DIAGNOSTICS/TEST_R21_V4_ALL_INPUTS_OUTPUTS_THEN_RESISTORS_SUFFIX_KEEP_E0_TAIL.pdsprj","artifacts/proteus_v9_recovery/files/R21_TERMINAL_NETWORK_V4_ORDER_SUFFIX_DIAGNOSTICS__TEST_R21_V4_ALL_INPUTS_OUTPUTS_THEN_RESISTORS_SUFFIX_KEEP_E0_TAIL.pdsprj","12499","f5ba75c179ea4182daff37c501e77a5b2a977043e0a661cdb509aa7576364c47"
"R21_TERMINAL_NETWORK_V4_ORDER_SUFFIX_DIAGNOSTICS.zip","R21_TERMINAL_NETWORK_V4_ORDER_SUFFIX_DIAGNOSTICS/TEST_R21_V4_ALL_INPUTS_OUTPUTS_THEN_RESISTORS_SUFFIX_KEEP_E0_TAIL.pdsprj.ROOT.CDB.bin","artifacts/proteus_v9_recovery/files/R21_TERMINAL_NETWORK_V4_ORDER_SUFFIX_DIAGNOSTICS__TEST_R21_V4_ALL_INPUTS_OUTPUTS_THEN_RESISTORS_SUFFIX_KEEP_E0_TAIL.pdsprj.ROOT.CDB.bin","2293","c5761d5ea7c1f9eb4ab831e32cc16110e48b98de87f42466e507581ceed31b84"
"R21_TERMINAL_NETWORK_V4_ORDER_SUFFIX_DIAGNOSTICS.zip","R21_TERMINAL_NETWORK_V4_ORDER_SUFFIX_DIAGNOSTICS/TEST_R21_V4_ALL_INPUTS_OUTPUTS_THEN_RESISTORS_SUFFIX_KEEP_E0_TAIL.pdsprj.ROOT.DSN.bin","artifacts/proteus_v9_recovery/files/R21_TERMINAL_NETWORK_V4_ORDER_SUFFIX_DIAGNOSTICS__TEST_R21_V4_ALL_INPUTS_OUTPUTS_THEN_RESISTORS_SUFFIX_KEEP_E0_TAIL.pdsprj.ROOT.DSN.bin","77218","73536bca0db0554009f0ec6c3f9410118b09983edfd7c5e4b2a76ce5dbf1b205"
"R21_TERMINAL_NETWORK_V4_ORDER_SUFFIX_DIAGNOSTICS.zip","R21_TERMINAL_NETWORK_V4_ORDER_SUFFIX_DIAGNOSTICS/TEST_R21_V4_ALL_INPUTS_OUTPUTS_THEN_RESISTORS_SUFFIX_KEEP_R4_TAIL.pdsprj","artifacts/proteus_v9_recovery/files/R21_TERMINAL_NETWORK_V4_ORDER_SUFFIX_DIAGNOSTICS__TEST_R21_V4_ALL_INPUTS_OUTPUTS_THEN_RESISTORS_SUFFIX_KEEP_R4_TAIL.pdsprj","12499","f5ba75c179ea4182daff37c501e77a5b2a977043e0a661cdb509aa7576364c47"
"R21_TERMINAL_NETWORK_V4_ORDER_SUFFIX_DIAGNOSTICS.zip","R21_TERMINAL_NETWORK_V4_ORDER_SUFFIX_DIAGNOSTICS/TEST_R21_V4_ALL_INPUTS_OUTPUTS_THEN_RESISTORS_SUFFIX_KEEP_R4_TAIL.pdsprj.ROOT.CDB.bin","artifacts/proteus_v9_recovery/files/R21_TERMINAL_NETWORK_V4_ORDER_SUFFIX_DIAGNOSTICS__TEST_R21_V4_ALL_INPUTS_OUTPUTS_THEN_RESISTORS_SUFFIX_KEEP_R4_TAIL.pdsprj.ROOT.CDB.bin","2293","c5761d5ea7c1f9eb4ab831e32cc16110e48b98de87f42466e507581ceed31b84"
"R21_TERMINAL_NETWORK_V4_ORDER_SUFFIX_DIAGNOSTICS.zip","R21_TERMINAL_NETWORK_V4_ORDER_SUFFIX_DIAGNOSTICS/TEST_R21_V4_ALL_INPUTS_OUTPUTS_THEN_RESISTORS_SUFFIX_KEEP_R4_TAIL.pdsprj.ROOT.DSN.bin","artifacts/proteus_v9_recovery/files/R21_TERMINAL_NETWORK_V4_ORDER_SUFFIX_DIAGNOSTICS__TEST_R21_V4_ALL_INPUTS_OUTPUTS_THEN_RESISTORS_SUFFIX_KEEP_R4_TAIL.pdsprj.ROOT.DSN.bin","77218","73536bca0db0554009f0ec6c3f9410118b09983edfd7c5e4b2a76ce5dbf1b205"
"R21_TERMINAL_NETWORK_V4_ORDER_SUFFIX_DIAGNOSTICS.zip","R21_TERMINAL_NETWORK_V4_ORDER_SUFFIX_DIAGNOSTICS/TEST_R21_V4_ALL_INPUTS_OUTPUTS_THEN_RESISTORS_SUFFIX_UNIQUE_E0_TAIL.pdsprj","artifacts/proteus_v9_recovery/files/R21_TERMINAL_NETWORK_V4_ORDER_SUFFIX_DIAGNOSTICS__TEST_R21_V4_ALL_INPUTS_OUTPUTS_THEN_RESISTORS_SUFFIX_UNIQUE_E0_TAIL.pdsprj","12563","b46f56cbbcf8b393ac02ead99d557b9774b5833705d59eda689bd0d00c02dfe8"
"R21_TERMINAL_NETWORK_V4_ORDER_SUFFIX_DIAGNOSTICS.zip","R21_TERMINAL_NETWORK_V4_ORDER_SUFFIX_DIAGNOSTICS/TEST_R21_V4_ALL_INPUTS_OUTPUTS_THEN_RESISTORS_SUFFIX_UNIQUE_E0_TAIL.pdsprj.ROOT.CDB.bin","artifacts/proteus_v9_recovery/files/R21_TERMINAL_NETWORK_V4_ORDER_SUFFIX_DIAGNOSTICS__TEST_R21_V4_ALL_INPUTS_OUTPUTS_THEN_RESISTORS_SUFFIX_UNIQUE_E0_TAIL.pdsprj.ROOT.CDB.bin","2293","c5761d5ea7c1f9eb4ab831e32cc16110e48b98de87f42466e507581ceed31b84"
"R21_TERMINAL_NETWORK_V4_ORDER_SUFFIX_DIAGNOSTICS.zip","R21_TERMINAL_NETWORK_V4_ORDER_SUFFIX_DIAGNOSTICS/TEST_R21_V4_ALL_INPUTS_OUTPUTS_THEN_RESISTORS_SUFFIX_UNIQUE_E0_TAIL.pdsprj.ROOT.DSN.bin","artifacts/proteus_v9_recovery/files/R21_TERMINAL_NETWORK_V4_ORDER_SUFFIX_DIAGNOSTICS__TEST_R21_V4_ALL_INPUTS_OUTPUTS_THEN_RESISTORS_SUFFIX_UNIQUE_E0_TAIL.pdsprj.ROOT.DSN.bin","77218","7bfe8c0a29ddd621047d4cc96397c60dd87ee3e090c9634c3f5d9c6f8cd1ebea"
"R21_TERMINAL_NETWORK_V4_ORDER_SUFFIX_DIAGNOSTICS.zip","R21_TERMINAL_NETWORK_V4_ORDER_SUFFIX_DIAGNOSTICS/TEST_R21_V4_ALL_INPUTS_OUTPUTS_THEN_RESISTORS_SUFFIX_UNIQUE_R4_TAIL.pdsprj","artifacts/proteus_v9_recovery/files/R21_TERMINAL_NETWORK_V4_ORDER_SUFFIX_DIAGNOSTICS__TEST_R21_V4_ALL_INPUTS_OUTPUTS_THEN_RESISTORS_SUFFIX_UNIQUE_R4_TAIL.pdsprj","12563","b46f56cbbcf8b393ac02ead99d557b9774b5833705d59eda689bd0d00c02dfe8"
"R21_TERMINAL_NETWORK_V4_ORDER_SUFFIX_DIAGNOSTICS.zip","R21_TERMINAL_NETWORK_V4_ORDER_SUFFIX_DIAGNOSTICS/TEST_R21_V4_ALL_INPUTS_OUTPUTS_THEN_RESISTORS_SUFFIX_UNIQUE_R4_TAIL.pdsprj.ROOT.CDB.bin","artifacts/proteus_v9_recovery/files/R21_TERMINAL_NETWORK_V4_ORDER_SUFFIX_DIAGNOSTICS__TEST_R21_V4_ALL_INPUTS_OUTPUTS_THEN_RESISTORS_SUFFIX_UNIQUE_R4_TAIL.pdsprj.ROOT.CDB.bin","2293","c5761d5ea7c1f9eb4ab831e32cc16110e48b98de87f42466e507581ceed31b84"
"R21_TERMINAL_NETWORK_V4_ORDER_SUFFIX_DIAGNOSTICS.zip","R21_TERMINAL_NETWORK_V4_ORDER_SUFFIX_DIAGNOSTICS/TEST_R21_V4_ALL_INPUTS_OUTPUTS_THEN_RESISTORS_SUFFIX_UNIQUE_R4_TAIL.pdsprj.ROOT.DSN.bin","artifacts/proteus_v9_recovery/files/R21_TERMINAL_NETWORK_V4_ORDER_SUFFIX_DIAGNOSTICS__TEST_R21_V4_ALL_INPUTS_OUTPUTS_THEN_RESISTORS_SUFFIX_UNIQUE_R4_TAIL.pdsprj.ROOT.DSN.bin","77218","7bfe8c0a29ddd621047d4cc96397c60dd87ee3e090c9634c3f5d9c6f8cd1ebea"
"R21_TERMINAL_NETWORK_V4_ORDER_SUFFIX_DIAGNOSTICS.zip","R21_TERMINAL_NETWORK_V4_ORDER_SUFFIX_DIAGNOSTICS/TEST_R21_V4_ALL_INPUTS_OUTPUTS_THEN_RESISTORS_WIRES_SUFFIX_KEEP_E0_TAIL.pdsprj","artifacts/proteus_v9_recovery/files/R21_TERMINAL_NETWORK_V4_ORDER_SUFFIX_DIAGNOSTICS__TEST_R21_V4_ALL_INPUTS_OUTPUTS_THEN_RESISTORS_WIRES_SUFFIX_KEEP_E0_TAIL.pdsprj","12849","6323954e9ee09e2eda4b42ed6906ec4ee39d055a9eecfbd8b8dbe08b21920652"
"R21_TERMINAL_NETWORK_V4_ORDER_SUFFIX_DIAGNOSTICS.zip","R21_TERMINAL_NETWORK_V4_ORDER_SUFFIX_DIAGNOSTICS/TEST_R21_V4_ALL_INPUTS_OUTPUTS_THEN_RESISTORS_WIRES_SUFFIX_KEEP_E0_TAIL.pdsprj.ROOT.CDB.bin","artifacts/proteus_v9_recovery/files/R21_TERMINAL_NETWORK_V4_ORDER_SUFFIX_DIAGNOSTICS__TEST_R21_V4_ALL_INPUTS_OUTPUTS_THEN_RESISTORS_WIRES_SUFFIX_KEEP_E0_TAIL.pdsprj.ROOT.CDB.bin","2293","c5761d5ea7c1f9eb4ab831e32cc16110e48b98de87f42466e507581ceed31b84"
"R21_TERMINAL_NETWORK_V4_ORDER_SUFFIX_DIAGNOSTICS.zip","R21_TERMINAL_NETWORK_V4_ORDER_SUFFIX_DIAGNOSTICS/TEST_R21_V4_ALL_INPUTS_OUTPUTS_THEN_RESISTORS_WIRES_SUFFIX_KEEP_E0_TAIL.pdsprj.ROOT.DSN.bin","artifacts/proteus_v9_recovery/files/R21_TERMINAL_NETWORK_V4_ORDER_SUFFIX_DIAGNOSTICS__TEST_R21_V4_ALL_INPUTS_OUTPUTS_THEN_RESISTORS_WIRES_SUFFIX_KEEP_E0_TAIL.pdsprj.ROOT.DSN.bin","79318","c9410231848ad57f2784c0223e507735ad8321a5fe1c29f2d41684a48d3f9187"
"R21_TERMINAL_NETWORK_V4_ORDER_SUFFIX_DIAGNOSTICS.zip","R21_TERMINAL_NETWORK_V4_ORDER_SUFFIX_DIAGNOSTICS/TEST_R21_V4_ALL_INPUTS_OUTPUTS_THEN_RESISTORS_WIRES_SUFFIX_KEEP_R4_TAIL.pdsprj","artifacts/proteus_v9_recovery/files/R21_TERMINAL_NETWORK_V4_ORDER_SUFFIX_DIAGNOSTICS__TEST_R21_V4_ALL_INPUTS_OUTPUTS_THEN_RESISTORS_WIRES_SUFFIX_KEEP_R4_TAIL.pdsprj","12849","6323954e9ee09e2eda4b42ed6906ec4ee39d055a9eecfbd8b8dbe08b21920652"
"R21_TERMINAL_NETWORK_V4_ORDER_SUFFIX_DIAGNOSTICS.zip","R21_TERMINAL_NETWORK_V4_ORDER_SUFFIX_DIAGNOSTICS/TEST_R21_V4_ALL_INPUTS_OUTPUTS_THEN_RESISTORS_WIRES_SUFFIX_KEEP_R4_TAIL.pdsprj.ROOT.CDB.bin","artifacts/proteus_v9_recovery/files/R21_TERMINAL_NETWORK_V4_ORDER_SUFFIX_DIAGNOSTICS__TEST_R21_V4_ALL_INPUTS_OUTPUTS_THEN_RESISTORS_WIRES_SUFFIX_KEEP_R4_TAIL.pdsprj.ROOT.CDB.bin","2293","c5761d5ea7c1f9eb4ab831e32cc16110e48b98de87f42466e507581ceed31b84"
"R21_TERMINAL_NETWORK_V4_ORDER_SUFFIX_DIAGNOSTICS.zip","R21_TERMINAL_NETWORK_V4_ORDER_SUFFIX_DIAGNOSTICS/TEST_R21_V4_ALL_INPUTS_OUTPUTS_THEN_RESISTORS_WIRES_SUFFIX_KEEP_R4_TAIL.pdsprj.ROOT.DSN.bin","artifacts/proteus_v9_recovery/files/R21_TERMINAL_NETWORK_V4_ORDER_SUFFIX_DIAGNOSTICS__TEST_R21_V4_ALL_INPUTS_OUTPUTS_THEN_RESISTORS_WIRES_SUFFIX_KEEP_R4_TAIL.pdsprj.ROOT.DSN.bin","79318","c9410231848ad57f2784c0223e507735ad8321a5fe1c29f2d41684a48d3f9187"
"R21_TERMINAL_NETWORK_V4_ORDER_SUFFIX_DIAGNOSTICS.zip","R21_TERMINAL_NETWORK_V4_ORDER_SUFFIX_DIAGNOSTICS/TEST_R21_V4_ALL_INPUTS_OUTPUTS_THEN_RESISTORS_WIRES_SUFFIX_UNIQUE_E0_TAIL.pdsprj","artifacts/proteus_v9_recovery/files/R21_TERMINAL_NETWORK_V4_ORDER_SUFFIX_DIAGNOSTICS__TEST_R21_V4_ALL_INPUTS_OUTPUTS_THEN_RESISTORS_WIRES_SUFFIX_UNIQUE_E0_TAIL.pdsprj","12917","ad22087056aa588ae373f02529b4063b5ce0d0ff76fd1e08c238aa1d4eba4702"
"R21_TERMINAL_NETWORK_V4_ORDER_SUFFIX_DIAGNOSTICS.zip","R21_TERMINAL_NETWORK_V4_ORDER_SUFFIX_DIAGNOSTICS/TEST_R21_V4_ALL_INPUTS_OUTPUTS_THEN_RESISTORS_WIRES_SUFFIX_UNIQUE_E0_TAIL.pdsprj.ROOT.CDB.bin","artifacts/proteus_v9_recovery/files/R21_TERMINAL_NETWORK_V4_ORDER_SUFFIX_DIAGNOSTICS__TEST_R21_V4_ALL_INPUTS_OUTPUTS_THEN_RESISTORS_WIRES_SUFFIX_UNIQUE_E0_TAIL.pdsprj.ROOT.CDB.bin","2293","c5761d5ea7c1f9eb4ab831e32cc16110e48b98de87f42466e507581ceed31b84"
"R21_TERMINAL_NETWORK_V4_ORDER_SUFFIX_DIAGNOSTICS.zip","R21_TERMINAL_NETWORK_V4_ORDER_SUFFIX_DIAGNOSTICS/TEST_R21_V4_ALL_INPUTS_OUTPUTS_THEN_RESISTORS_WIRES_SUFFIX_UNIQUE_E0_TAIL.pdsprj.ROOT.DSN.bin","artifacts/proteus_v9_recovery/files/R21_TERMINAL_NETWORK_V4_ORDER_SUFFIX_DIAGNOSTICS__TEST_R21_V4_ALL_INPUTS_OUTPUTS_THEN_RESISTORS_WIRES_SUFFIX_UNIQUE_E0_TAIL.pdsprj.ROOT.DSN.bin","79318","c0cb46aa7ccad6a2468084875e6967fe0a0cb91b66548c8fb98f2ab04cf77be1"
"R21_TERMINAL_NETWORK_V4_ORDER_SUFFIX_DIAGNOSTICS.zip","R21_TERMINAL_NETWORK_V4_ORDER_SUFFIX_DIAGNOSTICS/TEST_R21_V4_ALL_INPUTS_OUTPUTS_THEN_RESISTORS_WIRES_SUFFIX_UNIQUE_R4_TAIL.pdsprj","artifacts/proteus_v9_recovery/files/R21_TERMINAL_NETWORK_V4_ORDER_SUFFIX_DIAGNOSTICS__TEST_R21_V4_ALL_INPUTS_OUTPUTS_THEN_RESISTORS_WIRES_SUFFIX_UNIQUE_R4_TAIL.pdsprj","12917","ad22087056aa588ae373f02529b4063b5ce0d0ff76fd1e08c238aa1d4eba4702"
"R21_TERMINAL_NETWORK_V4_ORDER_SUFFIX_DIAGNOSTICS.zip","R21_TERMINAL_NETWORK_V4_ORDER_SUFFIX_DIAGNOSTICS/TEST_R21_V4_ALL_INPUTS_OUTPUTS_THEN_RESISTORS_WIRES_SUFFIX_UNIQUE_R4_TAIL.pdsprj.ROOT.CDB.bin","artifacts/proteus_v9_recovery/files/R21_TERMINAL_NETWORK_V4_ORDER_SUFFIX_DIAGNOSTICS__TEST_R21_V4_ALL_INPUTS_OUTPUTS_THEN_RESISTORS_WIRES_SUFFIX_UNIQUE_R4_TAIL.pdsprj.ROOT.CDB.bin","2293","c5761d5ea7c1f9eb4ab831e32cc16110e48b98de87f42466e507581ceed31b84"
"R21_TERMINAL_NETWORK_V4_ORDER_SUFFIX_DIAGNOSTICS.zip","R21_TERMINAL_NETWORK_V4_ORDER_SUFFIX_DIAGNOSTICS/TEST_R21_V4_ALL_INPUTS_OUTPUTS_THEN_RESISTORS_WIRES_SUFFIX_UNIQUE_R4_TAIL.pdsprj.ROOT.DSN.bin","artifacts/proteus_v9_recovery/files/R21_TERMINAL_NETWORK_V4_ORDER_SUFFIX_DIAGNOSTICS__TEST_R21_V4_ALL_INPUTS_OUTPUTS_THEN_RESISTORS_WIRES_SUFFIX_UNIQUE_R4_TAIL.pdsprj.ROOT.DSN.bin","79318","c0cb46aa7ccad6a2468084875e6967fe0a0cb91b66548c8fb98f2ab04cf77be1"
"R21_TERMINAL_NETWORK_V4_ORDER_SUFFIX_DIAGNOSTICS.zip","R21_TERMINAL_NETWORK_V4_ORDER_SUFFIX_DIAGNOSTICS/TEST_R21_V4_RESISTORS_ONLY_SUFFIX_KEEP_E0_TAIL.pdsprj","artifacts/proteus_v9_recovery/files/R21_TERMINAL_NETWORK_V4_ORDER_SUFFIX_DIAGNOSTICS__TEST_R21_V4_RESISTORS_ONLY_SUFFIX_KEEP_E0_TAIL.pdsprj","11930","83655fc2cca0c029752867070fbbde9a4387f7b6a042b8ee45a045d265dd7bfa"
"R21_TERMINAL_NETWORK_V4_ORDER_SUFFIX_DIAGNOSTICS.zip","R21_TERMINAL_NETWORK_V4_ORDER_SUFFIX_DIAGNOSTICS/TEST_R21_V4_RESISTORS_ONLY_SUFFIX_KEEP_E0_TAIL.pdsprj.ROOT.CDB.bin","artifacts/proteus_v9_recovery/files/R21_TERMINAL_NETWORK_V4_ORDER_SUFFIX_DIAGNOSTICS__TEST_R21_V4_RESISTORS_ONLY_SUFFIX_KEEP_E0_TAIL.pdsprj.ROOT.CDB.bin","2293","c5761d5ea7c1f9eb4ab831e32cc16110e48b98de87f42466e507581ceed31b84"
"R21_TERMINAL_NETWORK_V4_ORDER_SUFFIX_DIAGNOSTICS.zip","R21_TERMINAL_NETWORK_V4_ORDER_SUFFIX_DIAGNOSTICS/TEST_R21_V4_RESISTORS_ONLY_SUFFIX_KEEP_E0_TAIL.pdsprj.ROOT.DSN.bin","artifacts/proteus_v9_recovery/files/R21_TERMINAL_NETWORK_V4_ORDER_SUFFIX_DIAGNOSTICS__TEST_R21_V4_RESISTORS_ONLY_SUFFIX_KEEP_E0_TAIL.pdsprj.ROOT.DSN.bin","72871","209bb038b6a41ee40dbb3ead170563cf0805a5d4888ea8d5a122364bb8781d6e"
"R21_TERMINAL_NETWORK_V4_ORDER_SUFFIX_DIAGNOSTICS.zip","R21_TERMINAL_NETWORK_V4_ORDER_SUFFIX_DIAGNOSTICS/TEST_R21_V4_RESISTORS_ONLY_SUFFIX_KEEP_R4_TAIL.pdsprj","artifacts/proteus_v9_recovery/files/R21_TERMINAL_NETWORK_V4_ORDER_SUFFIX_DIAGNOSTICS__TEST_R21_V4_RESISTORS_ONLY_SUFFIX_KEEP_R4_TAIL.pdsprj","11930","83655fc2cca0c029752867070fbbde9a4387f7b6a042b8ee45a045d265dd7bfa"
"R21_TERMINAL_NETWORK_V4_ORDER_SUFFIX_DIAGNOSTICS.zip","R21_TERMINAL_NETWORK_V4_ORDER_SUFFIX_DIAGNOSTICS/TEST_R21_V4_RESISTORS_ONLY_SUFFIX_KEEP_R4_TAIL.pdsprj.ROOT.CDB.bin","artifacts/proteus_v9_recovery/files/R21_TERMINAL_NETWORK_V4_ORDER_SUFFIX_DIAGNOSTICS__TEST_R21_V4_RESISTORS_ONLY_SUFFIX_KEEP_R4_TAIL.pdsprj.ROOT.CDB.bin","2293","c5761d5ea7c1f9eb4ab831e32cc16110e48b98de87f42466e507581ceed31b84"
"R21_TERMINAL_NETWORK_V4_ORDER_SUFFIX_DIAGNOSTICS.zip","R21_TERMINAL_NETWORK_V4_ORDER_SUFFIX_DIAGNOSTICS/TEST_R21_V4_RESISTORS_ONLY_SUFFIX_KEEP_R4_TAIL.pdsprj.ROOT.DSN.bin","artifacts/proteus_v9_recovery/files/R21_TERMINAL_NETWORK_V4_ORDER_SUFFIX_DIAGNOSTICS__TEST_R21_V4_RESISTORS_ONLY_SUFFIX_KEEP_R4_TAIL.pdsprj.ROOT.DSN.bin","72871","209bb038b6a41ee40dbb3ead170563cf0805a5d4888ea8d5a122364bb8781d6e"
"R21_TERMINAL_NETWORK_V4_ORDER_SUFFIX_DIAGNOSTICS.zip","R21_TERMINAL_NETWORK_V4_ORDER_SUFFIX_DIAGNOSTICS/TEST_R21_V4_TWO_TERMS_DONORCOORDS_THEN_RESISTORS_SUFFIX_KEEP_E0_TAIL.pdsprj","artifacts/proteus_v9_recovery/files/R21_TERMINAL_NETWORK_V4_ORDER_SUFFIX_DIAGNOSTICS__TEST_R21_V4_TWO_TERMS_DONORCOORDS_THEN_RESISTORS_SUFFIX_KEEP_E0_TAIL.pdsprj","12008","b7dd34de30f348bd3dc8ea09525561e98bc1033a77d76f8828429a5bdbb19dba"
"R21_TERMINAL_NETWORK_V4_ORDER_SUFFIX_DIAGNOSTICS.zip","R21_TERMINAL_NETWORK_V4_ORDER_SUFFIX_DIAGNOSTICS/TEST_R21_V4_TWO_TERMS_DONORCOORDS_THEN_RESISTORS_SUFFIX_KEEP_E0_TAIL.pdsprj.ROOT.CDB.bin","artifacts/proteus_v9_recovery/files/R21_TERMINAL_NETWORK_V4_ORDER_SUFFIX_DIAGNOSTICS__TEST_R21_V4_TWO_TERMS_DONORCOORDS_THEN_RESISTORS_SUFFIX_KEEP_E0_TAIL.pdsprj.ROOT.CDB.bin","2293","c5761d5ea7c1f9eb4ab831e32cc16110e48b98de87f42466e507581ceed31b84"
"R21_TERMINAL_NETWORK_V4_ORDER_SUFFIX_DIAGNOSTICS.zip","R21_TERMINAL_NETWORK_V4_ORDER_SUFFIX_DIAGNOSTICS/TEST_R21_V4_TWO_TERMS_DONORCOORDS_THEN_RESISTORS_SUFFIX_KEEP_E0_TAIL.pdsprj.ROOT.DSN.bin","artifacts/proteus_v9_recovery/files/R21_TERMINAL_NETWORK_V4_ORDER_SUFFIX_DIAGNOSTICS__TEST_R21_V4_TWO_TERMS_DONORCOORDS_THEN_RESISTORS_SUFFIX_KEEP_E0_TAIL.pdsprj.ROOT.DSN.bin","73078","43ddfc90f9f45adaaf4da5f7450e330810da4c624b37395b8420d9efec28bd86"
"R21_TERMINAL_NETWORK_V4_ORDER_SUFFIX_DIAGNOSTICS.zip","R21_TERMINAL_NETWORK_V4_ORDER_SUFFIX_DIAGNOSTICS/TEST_R21_V4_TWO_TERMS_DONORCOORDS_THEN_RESISTORS_SUFFIX_KEEP_R4_TAIL.pdsprj","artifacts/proteus_v9_recovery/files/R21_TERMINAL_NETWORK_V4_ORDER_SUFFIX_DIAGNOSTICS__TEST_R21_V4_TWO_TERMS_DONORCOORDS_THEN_RESISTORS_SUFFIX_KEEP_R4_TAIL.pdsprj","12008","b7dd34de30f348bd3dc8ea09525561e98bc1033a77d76f8828429a5bdbb19dba"
"R21_TERMINAL_NETWORK_V4_ORDER_SUFFIX_DIAGNOSTICS.zip","R21_TERMINAL_NETWORK_V4_ORDER_SUFFIX_DIAGNOSTICS/TEST_R21_V4_TWO_TERMS_DONORCOORDS_THEN_RESISTORS_SUFFIX_KEEP_R4_TAIL.pdsprj.ROOT.CDB.bin","artifacts/proteus_v9_recovery/files/R21_TERMINAL_NETWORK_V4_ORDER_SUFFIX_DIAGNOSTICS__TEST_R21_V4_TWO_TERMS_DONORCOORDS_THEN_RESISTORS_SUFFIX_KEEP_R4_TAIL.pdsprj.ROOT.CDB.bin","2293","c5761d5ea7c1f9eb4ab831e32cc16110e48b98de87f42466e507581ceed31b84"
"R21_TERMINAL_NETWORK_V4_ORDER_SUFFIX_DIAGNOSTICS.zip","R21_TERMINAL_NETWORK_V4_ORDER_SUFFIX_DIAGNOSTICS/TEST_R21_V4_TWO_TERMS_DONORCOORDS_THEN_RESISTORS_SUFFIX_KEEP_R4_TAIL.pdsprj.ROOT.DSN.bin","artifacts/proteus_v9_recovery/files/R21_TERMINAL_NETWORK_V4_ORDER_SUFFIX_DIAGNOSTICS__TEST_R21_V4_TWO_TERMS_DONORCOORDS_THEN_RESISTORS_SUFFIX_KEEP_R4_TAIL.pdsprj.ROOT.DSN.bin","73078","43ddfc90f9f45adaaf4da5f7450e330810da4c624b37395b8420d9efec28bd86"
"R21_TERMINAL_NETWORK_V4_ORDER_SUFFIX_DIAGNOSTICS.zip","R21_TERMINAL_NETWORK_V4_ORDER_SUFFIX_DIAGNOSTICS/TEST_R21_V4_TWO_TERMS_DONORCOORDS_THEN_RESISTORS_SUFFIX_UNIQUE_E0_TAIL.pdsprj","artifacts/proteus_v9_recovery/files/R21_TERMINAL_NETWORK_V4_ORDER_SUFFIX_DIAGNOSTICS__TEST_R21_V4_TWO_TERMS_DONORCOORDS_THEN_RESISTORS_SUFFIX_UNIQUE_E0_TAIL.pdsprj","12008","1bda20aa394c6aad884fea07dd5e2f5efae18ca06500e4191c40d24e6ab16f9f"
"R21_TERMINAL_NETWORK_V4_ORDER_SUFFIX_DIAGNOSTICS.zip","R21_TERMINAL_NETWORK_V4_ORDER_SUFFIX_DIAGNOSTICS/TEST_R21_V4_TWO_TERMS_DONORCOORDS_THEN_RESISTORS_SUFFIX_UNIQUE_E0_TAIL.pdsprj.ROOT.CDB.bin","artifacts/proteus_v9_recovery/files/R21_TERMINAL_NETWORK_V4_ORDER_SUFFIX_DIAGNOSTICS__TEST_R21_V4_TWO_TERMS_DONORCOORDS_THEN_RESISTORS_SUFFIX_UNIQUE_E0_TAIL.pdsprj.ROOT.CDB.bin","2293","c5761d5ea7c1f9eb4ab831e32cc16110e48b98de87f42466e507581ceed31b84"
"R21_TERMINAL_NETWORK_V4_ORDER_SUFFIX_DIAGNOSTICS.zip","R21_TERMINAL_NETWORK_V4_ORDER_SUFFIX_DIAGNOSTICS/TEST_R21_V4_TWO_TERMS_DONORCOORDS_THEN_RESISTORS_SUFFIX_UNIQUE_E0_TAIL.pdsprj.ROOT.DSN.bin","artifacts/proteus_v9_recovery/files/R21_TERMINAL_NETWORK_V4_ORDER_SUFFIX_DIAGNOSTICS__TEST_R21_V4_TWO_TERMS_DONORCOORDS_THEN_RESISTORS_SUFFIX_UNIQUE_E0_TAIL.pdsprj.ROOT.DSN.bin","73078","a06798842b28f043405bd5635f987ed3e770cf4f5e7510125b6ab59ee008b960"
"R21_TERMINAL_NETWORK_V4_ORDER_SUFFIX_DIAGNOSTICS.zip","R21_TERMINAL_NETWORK_V4_ORDER_SUFFIX_DIAGNOSTICS/TEST_R21_V4_TWO_TERMS_DONORCOORDS_THEN_RESISTORS_SUFFIX_UNIQUE_R4_TAIL.pdsprj","artifacts/proteus_v9_recovery/files/R21_TERMINAL_NETWORK_V4_ORDER_SUFFIX_DIAGNOSTICS__TEST_R21_V4_TWO_TERMS_DONORCOORDS_THEN_RESISTORS_SUFFIX_UNIQUE_R4_TAIL.pdsprj","12008","1bda20aa394c6aad884fea07dd5e2f5efae18ca06500e4191c40d24e6ab16f9f"
"R21_TERMINAL_NETWORK_V4_ORDER_SUFFIX_DIAGNOSTICS.zip","R21_TERMINAL_NETWORK_V4_ORDER_SUFFIX_DIAGNOSTICS/TEST_R21_V4_TWO_TERMS_DONORCOORDS_THEN_RESISTORS_SUFFIX_UNIQUE_R4_TAIL.pdsprj.ROOT.CDB.bin","artifacts/proteus_v9_recovery/files/R21_TERMINAL_NETWORK_V4_ORDER_SUFFIX_DIAGNOSTICS__TEST_R21_V4_TWO_TERMS_DONORCOORDS_THEN_RESISTORS_SUFFIX_UNIQUE_R4_TAIL.pdsprj.ROOT.CDB.bin","2293","c5761d5ea7c1f9eb4ab831e32cc16110e48b98de87f42466e507581ceed31b84"
"R21_TERMINAL_NETWORK_V4_ORDER_SUFFIX_DIAGNOSTICS.zip","R21_TERMINAL_NETWORK_V4_ORDER_SUFFIX_DIAGNOSTICS/TEST_R21_V4_TWO_TERMS_DONORCOORDS_THEN_RESISTORS_SUFFIX_UNIQUE_R4_TAIL.pdsprj.ROOT.DSN.bin","artifacts/proteus_v9_recovery/files/R21_TERMINAL_NETWORK_V4_ORDER_SUFFIX_DIAGNOSTICS__TEST_R21_V4_TWO_TERMS_DONORCOORDS_THEN_RESISTORS_SUFFIX_UNIQUE_R4_TAIL.pdsprj.ROOT.DSN.bin","73078","a06798842b28f043405bd5635f987ed3e770cf4f5e7510125b6ab59ee008b960"
"R21_TERMINAL_NETWORK_V4_ORDER_SUFFIX_DIAGNOSTICS.zip","R21_TERMINAL_NETWORK_V4_ORDER_SUFFIX_DIAGNOSTICS/TEST_R21_V4_TWO_TERMS_ORDERED_THEN_RESISTORS_SUFFIX_KEEP_E0_TAIL.pdsprj","artifacts/proteus_v9_recovery/files/R21_TERMINAL_NETWORK_V4_ORDER_SUFFIX_DIAGNOSTICS__TEST_R21_V4_TWO_TERMS_ORDERED_THEN_RESISTORS_SUFFIX_KEEP_E0_TAIL.pdsprj","12008","b7dd34de30f348bd3dc8ea09525561e98bc1033a77d76f8828429a5bdbb19dba"
"R21_TERMINAL_NETWORK_V4_ORDER_SUFFIX_DIAGNOSTICS.zip","R21_TERMINAL_NETWORK_V4_ORDER_SUFFIX_DIAGNOSTICS/TEST_R21_V4_TWO_TERMS_ORDERED_THEN_RESISTORS_SUFFIX_KEEP_E0_TAIL.pdsprj.ROOT.CDB.bin","artifacts/proteus_v9_recovery/files/R21_TERMINAL_NETWORK_V4_ORDER_SUFFIX_DIAGNOSTICS__TEST_R21_V4_TWO_TERMS_ORDERED_THEN_RESISTORS_SUFFIX_KEEP_E0_TAIL.pdsprj.ROOT.CDB.bin","2293","c5761d5ea7c1f9eb4ab831e32cc16110e48b98de87f42466e507581ceed31b84"
"R21_TERMINAL_NETWORK_V4_ORDER_SUFFIX_DIAGNOSTICS.zip","R21_TERMINAL_NETWORK_V4_ORDER_SUFFIX_DIAGNOSTICS/TEST_R21_V4_TWO_TERMS_ORDERED_THEN_RESISTORS_SUFFIX_KEEP_E0_TAIL.pdsprj.ROOT.DSN.bin","artifacts/proteus_v9_recovery/files/R21_TERMINAL_NETWORK_V4_ORDER_SUFFIX_DIAGNOSTICS__TEST_R21_V4_TWO_TERMS_ORDERED_THEN_RESISTORS_SUFFIX_KEEP_E0_TAIL.pdsprj.ROOT.DSN.bin","73078","43ddfc90f9f45adaaf4da5f7450e330810da4c624b37395b8420d9efec28bd86"
"R21_TERMINAL_NETWORK_V4_ORDER_SUFFIX_DIAGNOSTICS.zip","R21_TERMINAL_NETWORK_V4_ORDER_SUFFIX_DIAGNOSTICS/TEST_R21_V4_TWO_TERMS_ORDERED_THEN_RESISTORS_SUFFIX_KEEP_R4_TAIL.pdsprj","artifacts/proteus_v9_recovery/files/R21_TERMINAL_NETWORK_V4_ORDER_SUFFIX_DIAGNOSTICS__TEST_R21_V4_TWO_TERMS_ORDERED_THEN_RESISTORS_SUFFIX_KEEP_R4_TAIL.pdsprj","12008","b7dd34de30f348bd3dc8ea09525561e98bc1033a77d76f8828429a5bdbb19dba"
"R21_TERMINAL_NETWORK_V4_ORDER_SUFFIX_DIAGNOSTICS.zip","R21_TERMINAL_NETWORK_V4_ORDER_SUFFIX_DIAGNOSTICS/TEST_R21_V4_TWO_TERMS_ORDERED_THEN_RESISTORS_SUFFIX_KEEP_R4_TAIL.pdsprj.ROOT.CDB.bin","artifacts/proteus_v9_recovery/files/R21_TERMINAL_NETWORK_V4_ORDER_SUFFIX_DIAGNOSTICS__TEST_R21_V4_TWO_TERMS_ORDERED_THEN_RESISTORS_SUFFIX_KEEP_R4_TAIL.pdsprj.ROOT.CDB.bin","2293","c5761d5ea7c1f9eb4ab831e32cc16110e48b98de87f42466e507581ceed31b84"
"R21_TERMINAL_NETWORK_V4_ORDER_SUFFIX_DIAGNOSTICS.zip","R21_TERMINAL_NETWORK_V4_ORDER_SUFFIX_DIAGNOSTICS/TEST_R21_V4_TWO_TERMS_ORDERED_THEN_RESISTORS_SUFFIX_KEEP_R4_TAIL.pdsprj.ROOT.DSN.bin","artifacts/proteus_v9_recovery/files/R21_TERMINAL_NETWORK_V4_ORDER_SUFFIX_DIAGNOSTICS__TEST_R21_V4_TWO_TERMS_ORDERED_THEN_RESISTORS_SUFFIX_KEEP_R4_TAIL.pdsprj.ROOT.DSN.bin","73078","43ddfc90f9f45adaaf4da5f7450e330810da4c624b37395b8420d9efec28bd86"
"R21_TERMINAL_NETWORK_V4_ORDER_SUFFIX_DIAGNOSTICS.zip","R21_TERMINAL_NETWORK_V4_ORDER_SUFFIX_DIAGNOSTICS/TEST_R21_V4_TWO_TERMS_ORDERED_THEN_RESISTORS_SUFFIX_UNIQUE_E0_TAIL.pdsprj","artifacts/proteus_v9_recovery/files/R21_TERMINAL_NETWORK_V4_ORDER_SUFFIX_DIAGNOSTICS__TEST_R21_V4_TWO_TERMS_ORDERED_THEN_RESISTORS_SUFFIX_UNIQUE_E0_TAIL.pdsprj","12008","1bda20aa394c6aad884fea07dd5e2f5efae18ca06500e4191c40d24e6ab16f9f"
"R21_TERMINAL_NETWORK_V4_ORDER_SUFFIX_DIAGNOSTICS.zip","R21_TERMINAL_NETWORK_V4_ORDER_SUFFIX_DIAGNOSTICS/TEST_R21_V4_TWO_TERMS_ORDERED_THEN_RESISTORS_SUFFIX_UNIQUE_E0_TAIL.pdsprj.ROOT.CDB.bin","artifacts/proteus_v9_recovery/files/R21_TERMINAL_NETWORK_V4_ORDER_SUFFIX_DIAGNOSTICS__TEST_R21_V4_TWO_TERMS_ORDERED_THEN_RESISTORS_SUFFIX_UNIQUE_E0_TAIL.pdsprj.ROOT.CDB.bin","2293","c5761d5ea7c1f9eb4ab831e32cc16110e48b98de87f42466e507581ceed31b84"
"R21_TERMINAL_NETWORK_V4_ORDER_SUFFIX_DIAGNOSTICS.zip","R21_TERMINAL_NETWORK_V4_ORDER_SUFFIX_DIAGNOSTICS/TEST_R21_V4_TWO_TERMS_ORDERED_THEN_RESISTORS_SUFFIX_UNIQUE_E0_TAIL.pdsprj.ROOT.DSN.bin","artifacts/proteus_v9_recovery/files/R21_TERMINAL_NETWORK_V4_ORDER_SUFFIX_DIAGNOSTICS__TEST_R21_V4_TWO_TERMS_ORDERED_THEN_RESISTORS_SUFFIX_UNIQUE_E0_TAIL.pdsprj.ROOT.DSN.bin","73078","a06798842b28f043405bd5635f987ed3e770cf4f5e7510125b6ab59ee008b960"
"R21_TERMINAL_NETWORK_V4_ORDER_SUFFIX_DIAGNOSTICS.zip","R21_TERMINAL_NETWORK_V4_ORDER_SUFFIX_DIAGNOSTICS/TEST_R21_V4_TWO_TERMS_ORDERED_THEN_RESISTORS_SUFFIX_UNIQUE_R4_TAIL.pdsprj","artifacts/proteus_v9_recovery/files/R21_TERMINAL_NETWORK_V4_ORDER_SUFFIX_DIAGNOSTICS__TEST_R21_V4_TWO_TERMS_ORDERED_THEN_RESISTORS_SUFFIX_UNIQUE_R4_TAIL.pdsprj","12008","1bda20aa394c6aad884fea07dd5e2f5efae18ca06500e4191c40d24e6ab16f9f"
"R21_TERMINAL_NETWORK_V4_ORDER_SUFFIX_DIAGNOSTICS.zip","R21_TERMINAL_NETWORK_V4_ORDER_SUFFIX_DIAGNOSTICS/TEST_R21_V4_TWO_TERMS_ORDERED_THEN_RESISTORS_SUFFIX_UNIQUE_R4_TAIL.pdsprj.ROOT.CDB.bin","artifacts/proteus_v9_recovery/files/R21_TERMINAL_NETWORK_V4_ORDER_SUFFIX_DIAGNOSTICS__TEST_R21_V4_TWO_TERMS_ORDERED_THEN_RESISTORS_SUFFIX_UNIQUE_R4_TAIL.pdsprj.ROOT.CDB.bin","2293","c5761d5ea7c1f9eb4ab831e32cc16110e48b98de87f42466e507581ceed31b84"
"R21_TERMINAL_NETWORK_V4_ORDER_SUFFIX_DIAGNOSTICS.zip","R21_TERMINAL_NETWORK_V4_ORDER_SUFFIX_DIAGNOSTICS/TEST_R21_V4_TWO_TERMS_ORDERED_THEN_RESISTORS_SUFFIX_UNIQUE_R4_TAIL.pdsprj.ROOT.DSN.bin","artifacts/proteus_v9_recovery/files/R21_TERMINAL_NETWORK_V4_ORDER_SUFFIX_DIAGNOSTICS__TEST_R21_V4_TWO_TERMS_ORDERED_THEN_RESISTORS_SUFFIX_UNIQUE_R4_TAIL.pdsprj.ROOT.DSN.bin","73078","a06798842b28f043405bd5635f987ed3e770cf4f5e7510125b6ab59ee008b960"
"R21_TERMINAL_NETWORK_V4_ORDER_SUFFIX_DIAGNOSTICS.zip","R21_TERMINAL_NETWORK_V4_ORDER_SUFFIX_DIAGNOSTICS/topology_map.json","artifacts/proteus_v9_recovery/files/R21_TERMINAL_NETWORK_V4_ORDER_SUFFIX_DIAGNOSTICS__topology_map.json","1484","859c2298373862048deeae043a0d6cfcbdc26b62d9cd18b9434718e95261c398"
"R21_TERMINAL_NETWORK_V5_CORRECT_OBJECT_BOUNDARIES.zip","CONTROL_E001_EMPTY_BASE.pdsprj","artifacts/proteus_v9_recovery/files/R21_TERMINAL_NETWORK_V5_CORRECT_OBJECT_BOUNDARIES__CONTROL_E001_EMPTY_BASE.pdsprj","10550","74532bcb33fcc293da833d13eb30e5fa1fec7865ebb3793eed51602ec719781f"
"R21_TERMINAL_NETWORK_V5_CORRECT_OBJECT_BOUNDARIES.zip","generation_code_used.py","artifacts/proteus_v9_recovery/files/R21_TERMINAL_NETWORK_V5_CORRECT_OBJECT_BOUNDARIES__generation_code_used.py","13918","3809a68caba3f034c15544587cb6635d0a7eab97a63a1eb77b642e67644b8cd7"
"R21_TERMINAL_NETWORK_V5_CORRECT_OBJECT_BOUNDARIES.zip","manifest.json","artifacts/proteus_v9_recovery/files/R21_TERMINAL_NETWORK_V5_CORRECT_OBJECT_BOUNDARIES__manifest.json","5254","6e35fc2e3387755a9b594725a7da6bd4062c11b9d0ba15e83401d584eb28a226"
"R21_TERMINAL_NETWORK_V5_CORRECT_OBJECT_BOUNDARIES.zip","README_TEST_FIRST.txt","artifacts/proteus_v9_recovery/files/R21_TERMINAL_NETWORK_V5_CORRECT_OBJECT_BOUNDARIES__README_TEST_FIRST.txt","1010","59417ef36e92ddf3258c6a8e3643f8dbdf34e2daa639ddd21dd2b78c110aa395"
"R21_TERMINAL_NETWORK_V5_CORRECT_OBJECT_BOUNDARIES.zip","TEST_R21_V5_ALL_TERMS_THEN_RESISTORS_E0_TAIL.pdsprj","artifacts/proteus_v9_recovery/files/R21_TERMINAL_NETWORK_V5_CORRECT_OBJECT_BOUNDARIES__TEST_R21_V5_ALL_TERMS_THEN_RESISTORS_E0_TAIL.pdsprj","12496","368e1c4e422a194980b46cfdd63ea89b7b4d4dd139404833f70fd069379c8db8"
"R21_TERMINAL_NETWORK_V5_CORRECT_OBJECT_BOUNDARIES.zip","TEST_R21_V5_ALL_TERMS_THEN_RESISTORS_E0_TAIL.ROOT.CDB.bin","artifacts/proteus_v9_recovery/files/R21_TERMINAL_NETWORK_V5_CORRECT_OBJECT_BOUNDARIES__TEST_R21_V5_ALL_TERMS_THEN_RESISTORS_E0_TAIL.ROOT.CDB.bin","2293","c5761d5ea7c1f9eb4ab831e32cc16110e48b98de87f42466e507581ceed31b84"
"R21_TERMINAL_NETWORK_V5_CORRECT_OBJECT_BOUNDARIES.zip","TEST_R21_V5_ALL_TERMS_THEN_RESISTORS_E0_TAIL.ROOT.DSN.bin","artifacts/proteus_v9_recovery/files/R21_TERMINAL_NETWORK_V5_CORRECT_OBJECT_BOUNDARIES__TEST_R21_V5_ALL_TERMS_THEN_RESISTORS_E0_TAIL.ROOT.DSN.bin","77217","c2ba9034e8ae38fdb0f06dd163e9f9083ee26e2d944073b17ea5bf9caeef1721"
"R21_TERMINAL_NETWORK_V5_CORRECT_OBJECT_BOUNDARIES.zip","TEST_R21_V5_ALL_TERMS_THEN_RESISTORS_R4_TAIL.pdsprj","artifacts/proteus_v9_recovery/files/R21_TERMINAL_NETWORK_V5_CORRECT_OBJECT_BOUNDARIES__TEST_R21_V5_ALL_TERMS_THEN_RESISTORS_R4_TAIL.pdsprj","12496","368e1c4e422a194980b46cfdd63ea89b7b4d4dd139404833f70fd069379c8db8"
"R21_TERMINAL_NETWORK_V5_CORRECT_OBJECT_BOUNDARIES.zip","TEST_R21_V5_ALL_TERMS_THEN_RESISTORS_R4_TAIL.ROOT.CDB.bin","artifacts/proteus_v9_recovery/files/R21_TERMINAL_NETWORK_V5_CORRECT_OBJECT_BOUNDARIES__TEST_R21_V5_ALL_TERMS_THEN_RESISTORS_R4_TAIL.ROOT.CDB.bin","2293","c5761d5ea7c1f9eb4ab831e32cc16110e48b98de87f42466e507581ceed31b84"
"R21_TERMINAL_NETWORK_V5_CORRECT_OBJECT_BOUNDARIES.zip","TEST_R21_V5_ALL_TERMS_THEN_RESISTORS_R4_TAIL.ROOT.DSN.bin","artifacts/proteus_v9_recovery/files/R21_TERMINAL_NETWORK_V5_CORRECT_OBJECT_BOUNDARIES__TEST_R21_V5_ALL_TERMS_THEN_RESISTORS_R4_TAIL.ROOT.DSN.bin","77217","c2ba9034e8ae38fdb0f06dd163e9f9083ee26e2d944073b17ea5bf9caeef1721"
"R21_TERMINAL_NETWORK_V5_CORRECT_OBJECT_BOUNDARIES.zip","TEST_R21_V5_ALL_TERMS_THEN_RESISTORS_WIRES_E0_TAIL.pdsprj","artifacts/proteus_v9_recovery/files/R21_TERMINAL_NETWORK_V5_CORRECT_OBJECT_BOUNDARIES__TEST_R21_V5_ALL_TERMS_THEN_RESISTORS_WIRES_E0_TAIL.pdsprj","12851","a51595b15f8bf8c6356bd83d8425c5e95eba5e73da76ee1536ad6bf8b3330650"
"R21_TERMINAL_NETWORK_V5_CORRECT_OBJECT_BOUNDARIES.zip","TEST_R21_V5_ALL_TERMS_THEN_RESISTORS_WIRES_E0_TAIL.ROOT.CDB.bin","artifacts/proteus_v9_recovery/files/R21_TERMINAL_NETWORK_V5_CORRECT_OBJECT_BOUNDARIES__TEST_R21_V5_ALL_TERMS_THEN_RESISTORS_WIRES_E0_TAIL.ROOT.CDB.bin","2293","c5761d5ea7c1f9eb4ab831e32cc16110e48b98de87f42466e507581ceed31b84"
"R21_TERMINAL_NETWORK_V5_CORRECT_OBJECT_BOUNDARIES.zip","TEST_R21_V5_ALL_TERMS_THEN_RESISTORS_WIRES_E0_TAIL.ROOT.DSN.bin","artifacts/proteus_v9_recovery/files/R21_TERMINAL_NETWORK_V5_CORRECT_OBJECT_BOUNDARIES__TEST_R21_V5_ALL_TERMS_THEN_RESISTORS_WIRES_E0_TAIL.ROOT.DSN.bin","79317","9a2bea06b252cd7fc25f4189da97d6189d25d4ca899a1e91f488fc9d097b4445"
"R21_TERMINAL_NETWORK_V5_CORRECT_OBJECT_BOUNDARIES.zip","TEST_R21_V5_ALL_TERMS_THEN_RESISTORS_WIRES_R4_TAIL.pdsprj","artifacts/proteus_v9_recovery/files/R21_TERMINAL_NETWORK_V5_CORRECT_OBJECT_BOUNDARIES__TEST_R21_V5_ALL_TERMS_THEN_RESISTORS_WIRES_R4_TAIL.pdsprj","12851","a51595b15f8bf8c6356bd83d8425c5e95eba5e73da76ee1536ad6bf8b3330650"
"R21_TERMINAL_NETWORK_V5_CORRECT_OBJECT_BOUNDARIES.zip","TEST_R21_V5_ALL_TERMS_THEN_RESISTORS_WIRES_R4_TAIL.ROOT.CDB.bin","artifacts/proteus_v9_recovery/files/R21_TERMINAL_NETWORK_V5_CORRECT_OBJECT_BOUNDARIES__TEST_R21_V5_ALL_TERMS_THEN_RESISTORS_WIRES_R4_TAIL.ROOT.CDB.bin","2293","c5761d5ea7c1f9eb4ab831e32cc16110e48b98de87f42466e507581ceed31b84"
"R21_TERMINAL_NETWORK_V5_CORRECT_OBJECT_BOUNDARIES.zip","TEST_R21_V5_ALL_TERMS_THEN_RESISTORS_WIRES_R4_TAIL.ROOT.DSN.bin","artifacts/proteus_v9_recovery/files/R21_TERMINAL_NETWORK_V5_CORRECT_OBJECT_BOUNDARIES__TEST_R21_V5_ALL_TERMS_THEN_RESISTORS_WIRES_R4_TAIL.ROOT.DSN.bin","79317","9a2bea06b252cd7fc25f4189da97d6189d25d4ca899a1e91f488fc9d097b4445"
"R21_TERMINAL_NETWORK_V5_CORRECT_OBJECT_BOUNDARIES.zip","TEST_R21_V5_RESISTORS_ONLY_CORRECT_BOUNDARY_E0_TAIL.pdsprj","artifacts/proteus_v9_recovery/files/R21_TERMINAL_NETWORK_V5_CORRECT_OBJECT_BOUNDARIES__TEST_R21_V5_RESISTORS_ONLY_CORRECT_BOUNDARY_E0_TAIL.pdsprj","11930","2a553a82e47bd1f30a752e568119b2da0320cabcb3c4c12197d32509dec104d8"
"R21_TERMINAL_NETWORK_V5_CORRECT_OBJECT_BOUNDARIES.zip","TEST_R21_V5_RESISTORS_ONLY_CORRECT_BOUNDARY_E0_TAIL.ROOT.CDB.bin","artifacts/proteus_v9_recovery/files/R21_TERMINAL_NETWORK_V5_CORRECT_OBJECT_BOUNDARIES__TEST_R21_V5_RESISTORS_ONLY_CORRECT_BOUNDARY_E0_TAIL.ROOT.CDB.bin","2293","c5761d5ea7c1f9eb4ab831e32cc16110e48b98de87f42466e507581ceed31b84"
"R21_TERMINAL_NETWORK_V5_CORRECT_OBJECT_BOUNDARIES.zip","TEST_R21_V5_RESISTORS_ONLY_CORRECT_BOUNDARY_E0_TAIL.ROOT.DSN.bin","artifacts/proteus_v9_recovery/files/R21_TERMINAL_NETWORK_V5_CORRECT_OBJECT_BOUNDARIES__TEST_R21_V5_RESISTORS_ONLY_CORRECT_BOUNDARY_E0_TAIL.ROOT.DSN.bin","72871","209bb038b6a41ee40dbb3ead170563cf0805a5d4888ea8d5a122364bb8781d6e"
"R21_TERMINAL_NETWORK_V5_CORRECT_OBJECT_BOUNDARIES.zip","TEST_R21_V5_TWO_TERMS_DONORBYTES_THEN_RESISTORS_E0_TAIL.pdsprj","artifacts/proteus_v9_recovery/files/R21_TERMINAL_NETWORK_V5_CORRECT_OBJECT_BOUNDARIES__TEST_R21_V5_TWO_TERMS_DONORBYTES_THEN_RESISTORS_E0_TAIL.pdsprj","12006","7a1eae25d5a4d666b99d1ab6e2f40568681f4b901e00a2a2c9235b7647a22284"
"R21_TERMINAL_NETWORK_V5_CORRECT_OBJECT_BOUNDARIES.zip","TEST_R21_V5_TWO_TERMS_DONORBYTES_THEN_RESISTORS_E0_TAIL.ROOT.CDB.bin","artifacts/proteus_v9_recovery/files/R21_TERMINAL_NETWORK_V5_CORRECT_OBJECT_BOUNDARIES__TEST_R21_V5_TWO_TERMS_DONORBYTES_THEN_RESISTORS_E0_TAIL.ROOT.CDB.bin","2293","c5761d5ea7c1f9eb4ab831e32cc16110e48b98de87f42466e507581ceed31b84"
"R21_TERMINAL_NETWORK_V5_CORRECT_OBJECT_BOUNDARIES.zip","TEST_R21_V5_TWO_TERMS_DONORBYTES_THEN_RESISTORS_E0_TAIL.ROOT.DSN.bin","artifacts/proteus_v9_recovery/files/R21_TERMINAL_NETWORK_V5_CORRECT_OBJECT_BOUNDARIES__TEST_R21_V5_TWO_TERMS_DONORBYTES_THEN_RESISTORS_E0_TAIL.ROOT.DSN.bin","73077","9ddedd9621cc2871fbb75ba5b72e22e7af3b7b5d72ca82f9a8adcb7ee0dc52fc"
"R21_TERMINAL_NETWORK_V5_CORRECT_OBJECT_BOUNDARIES.zip","TEST_R21_V5_TWO_TERMS_DONORBYTES_THEN_RESISTORS_R4_TAIL.pdsprj","artifacts/proteus_v9_recovery/files/R21_TERMINAL_NETWORK_V5_CORRECT_OBJECT_BOUNDARIES__TEST_R21_V5_TWO_TERMS_DONORBYTES_THEN_RESISTORS_R4_TAIL.pdsprj","12006","7a1eae25d5a4d666b99d1ab6e2f40568681f4b901e00a2a2c9235b7647a22284"
"R21_TERMINAL_NETWORK_V5_CORRECT_OBJECT_BOUNDARIES.zip","TEST_R21_V5_TWO_TERMS_DONORBYTES_THEN_RESISTORS_R4_TAIL.ROOT.CDB.bin","artifacts/proteus_v9_recovery/files/R21_TERMINAL_NETWORK_V5_CORRECT_OBJECT_BOUNDARIES__TEST_R21_V5_TWO_TERMS_DONORBYTES_THEN_RESISTORS_R4_TAIL.ROOT.CDB.bin","2293","c5761d5ea7c1f9eb4ab831e32cc16110e48b98de87f42466e507581ceed31b84"
"R21_TERMINAL_NETWORK_V5_CORRECT_OBJECT_BOUNDARIES.zip","TEST_R21_V5_TWO_TERMS_DONORBYTES_THEN_RESISTORS_R4_TAIL.ROOT.DSN.bin","artifacts/proteus_v9_recovery/files/R21_TERMINAL_NETWORK_V5_CORRECT_OBJECT_BOUNDARIES__TEST_R21_V5_TWO_TERMS_DONORBYTES_THEN_RESISTORS_R4_TAIL.ROOT.DSN.bin","73077","9ddedd9621cc2871fbb75ba5b72e22e7af3b7b5d72ca82f9a8adcb7ee0dc52fc"
"R21_TERMINAL_NETWORK_V5_CORRECT_OBJECT_BOUNDARIES.zip","TEST_R21_V5_TWO_TERMS_PATCHED_THEN_RESISTORS_E0_TAIL.pdsprj","artifacts/proteus_v9_recovery/files/R21_TERMINAL_NETWORK_V5_CORRECT_OBJECT_BOUNDARIES__TEST_R21_V5_TWO_TERMS_PATCHED_THEN_RESISTORS_E0_TAIL.pdsprj","12007","bdd044b5f5ddd0f834a06c0b11d7c86695d2a10c36ee00d54da32c295292711c"
"R21_TERMINAL_NETWORK_V5_CORRECT_OBJECT_BOUNDARIES.zip","TEST_R21_V5_TWO_TERMS_PATCHED_THEN_RESISTORS_E0_TAIL.ROOT.CDB.bin","artifacts/proteus_v9_recovery/files/R21_TERMINAL_NETWORK_V5_CORRECT_OBJECT_BOUNDARIES__TEST_R21_V5_TWO_TERMS_PATCHED_THEN_RESISTORS_E0_TAIL.ROOT.CDB.bin","2293","c5761d5ea7c1f9eb4ab831e32cc16110e48b98de87f42466e507581ceed31b84"
"R21_TERMINAL_NETWORK_V5_CORRECT_OBJECT_BOUNDARIES.zip","TEST_R21_V5_TWO_TERMS_PATCHED_THEN_RESISTORS_E0_TAIL.ROOT.DSN.bin","artifacts/proteus_v9_recovery/files/R21_TERMINAL_NETWORK_V5_CORRECT_OBJECT_BOUNDARIES__TEST_R21_V5_TWO_TERMS_PATCHED_THEN_RESISTORS_E0_TAIL.ROOT.DSN.bin","73077","b1c0efa37ec1f673f521c4d1fa891148e92b3179dcfac3a15bc8b56c28ab78bd"
"R21_TERMINAL_NETWORK_V5_CORRECT_OBJECT_BOUNDARIES.zip","TEST_R21_V5_TWO_TERMS_PATCHED_THEN_RESISTORS_R4_TAIL.pdsprj","artifacts/proteus_v9_recovery/files/R21_TERMINAL_NETWORK_V5_CORRECT_OBJECT_BOUNDARIES__TEST_R21_V5_TWO_TERMS_PATCHED_THEN_RESISTORS_R4_TAIL.pdsprj","12007","bdd044b5f5ddd0f834a06c0b11d7c86695d2a10c36ee00d54da32c295292711c"
"R21_TERMINAL_NETWORK_V5_CORRECT_OBJECT_BOUNDARIES.zip","TEST_R21_V5_TWO_TERMS_PATCHED_THEN_RESISTORS_R4_TAIL.ROOT.CDB.bin","artifacts/proteus_v9_recovery/files/R21_TERMINAL_NETWORK_V5_CORRECT_OBJECT_BOUNDARIES__TEST_R21_V5_TWO_TERMS_PATCHED_THEN_RESISTORS_R4_TAIL.ROOT.CDB.bin","2293","c5761d5ea7c1f9eb4ab831e32cc16110e48b98de87f42466e507581ceed31b84"
"R21_TERMINAL_NETWORK_V5_CORRECT_OBJECT_BOUNDARIES.zip","TEST_R21_V5_TWO_TERMS_PATCHED_THEN_RESISTORS_R4_TAIL.ROOT.DSN.bin","artifacts/proteus_v9_recovery/files/R21_TERMINAL_NETWORK_V5_CORRECT_OBJECT_BOUNDARIES__TEST_R21_V5_TWO_TERMS_PATCHED_THEN_RESISTORS_R4_TAIL.ROOT.DSN.bin","73077","b1c0efa37ec1f673f521c4d1fa891148e92b3179dcfac3a15bc8b56c28ab78bd"
"R21_TERMINAL_NETWORK_V5_CORRECT_OBJECT_BOUNDARIES.zip","TEST_R21_V5_TWO_TERMS_PATCHED_THEN_RESISTORS_SUFFIX_UNIQUE_E0_TAIL.pdsprj","artifacts/proteus_v9_recovery/files/R21_TERMINAL_NETWORK_V5_CORRECT_OBJECT_BOUNDARIES__TEST_R21_V5_TWO_TERMS_PATCHED_THEN_RESISTORS_SUFFIX_UNIQUE_E0_TAIL.pdsprj","12008","4efcefb43999486d18725f48aeaaa6e70e09001b8d072837718954b9de99e9b2"
"R21_TERMINAL_NETWORK_V5_CORRECT_OBJECT_BOUNDARIES.zip","TEST_R21_V5_TWO_TERMS_PATCHED_THEN_RESISTORS_SUFFIX_UNIQUE_E0_TAIL.ROOT.CDB.bin","artifacts/proteus_v9_recovery/files/R21_TERMINAL_NETWORK_V5_CORRECT_OBJECT_BOUNDARIES__TEST_R21_V5_TWO_TERMS_PATCHED_THEN_RESISTORS_SUFFIX_UNIQUE_E0_TAIL.ROOT.CDB.bin","2293","c5761d5ea7c1f9eb4ab831e32cc16110e48b98de87f42466e507581ceed31b84"
"R21_TERMINAL_NETWORK_V5_CORRECT_OBJECT_BOUNDARIES.zip","TEST_R21_V5_TWO_TERMS_PATCHED_THEN_RESISTORS_SUFFIX_UNIQUE_E0_TAIL.ROOT.DSN.bin","artifacts/proteus_v9_recovery/files/R21_TERMINAL_NETWORK_V5_CORRECT_OBJECT_BOUNDARIES__TEST_R21_V5_TWO_TERMS_PATCHED_THEN_RESISTORS_SUFFIX_UNIQUE_E0_TAIL.ROOT.DSN.bin","73077","5a1d6bc9d537ffd2c1ded35816a720956fca2be9968d86f3948069ef0b6243e1"
"R21_TERMINAL_NETWORK_V5_CORRECT_OBJECT_BOUNDARIES.zip","topology_map.json","artifacts/proteus_v9_recovery/files/R21_TERMINAL_NETWORK_V5_CORRECT_OBJECT_BOUNDARIES__topology_map.json","1685","797690bb9a8e15c712028b8f676aec979955e049d26b2993395f6d42ec2888a5"
"R21_TERMINAL_NETWORK_V6_FIXED_TERMINAL_LABEL_PATCH.zip","CONTROL_E001_EMPTY_BASE.pdsprj","artifacts/proteus_v9_recovery/files/R21_TERMINAL_NETWORK_V6_FIXED_TERMINAL_LABEL_PATCH__CONTROL_E001_EMPTY_BASE.pdsprj","10550","74532bcb33fcc293da833d13eb30e5fa1fec7865ebb3793eed51602ec719781f"
"R21_TERMINAL_NETWORK_V6_FIXED_TERMINAL_LABEL_PATCH.zip","generation_code_used.py","artifacts/proteus_v9_recovery/files/R21_TERMINAL_NETWORK_V6_FIXED_TERMINAL_LABEL_PATCH__generation_code_used.py","11062","3bcd6d4365c1f377759565e9faf03aabba28e382fcad8c3434659fb6cf6203b7"
"R21_TERMINAL_NETWORK_V6_FIXED_TERMINAL_LABEL_PATCH.zip","manifest.json","artifacts/proteus_v9_recovery/files/R21_TERMINAL_NETWORK_V6_FIXED_TERMINAL_LABEL_PATCH__manifest.json","3186","e4462e97d6390ae8974d73ad6880750d58aebfd4b5c44f16c6b6eb4a27e66a8c"
"R21_TERMINAL_NETWORK_V6_FIXED_TERMINAL_LABEL_PATCH.zip","README_TEST_FIRST.txt","artifacts/proteus_v9_recovery/files/R21_TERMINAL_NETWORK_V6_FIXED_TERMINAL_LABEL_PATCH__README_TEST_FIRST.txt","1294","5bd95b7b9c6d138d12e5ccdb3f15c0f5559cd9e275067a68870187aa090d3399"
"R21_TERMINAL_NETWORK_V6_FIXED_TERMINAL_LABEL_PATCH.zip","TEST_R21_V6_ALL_TERMS_FIXED_LABELPATCH_KEEP_NO_WIRES_E0_TAIL.pdsprj","artifacts/proteus_v9_recovery/files/R21_TERMINAL_NETWORK_V6_FIXED_TERMINAL_LABEL_PATCH__TEST_R21_V6_ALL_TERMS_FIXED_LABELPATCH_KEEP_NO_WIRES_E0_TAIL.pdsprj","12482","c2eaed66fdcef5f3d3b8428a3897576dedbc20df2acd192eabd592fd218f0f6c"
"R21_TERMINAL_NETWORK_V6_FIXED_TERMINAL_LABEL_PATCH.zip","TEST_R21_V6_ALL_TERMS_FIXED_LABELPATCH_KEEP_NO_WIRES_E0_TAIL.ROOT.CDB.bin","artifacts/proteus_v9_recovery/files/R21_TERMINAL_NETWORK_V6_FIXED_TERMINAL_LABEL_PATCH__TEST_R21_V6_ALL_TERMS_FIXED_LABELPATCH_KEEP_NO_WIRES_E0_TAIL.ROOT.CDB.bin","2293","c5761d5ea7c1f9eb4ab831e32cc16110e48b98de87f42466e507581ceed31b84"
"R21_TERMINAL_NETWORK_V6_FIXED_TERMINAL_LABEL_PATCH.zip","TEST_R21_V6_ALL_TERMS_FIXED_LABELPATCH_KEEP_NO_WIRES_E0_TAIL.ROOT.DSN.bin","artifacts/proteus_v9_recovery/files/R21_TERMINAL_NETWORK_V6_FIXED_TERMINAL_LABEL_PATCH__TEST_R21_V6_ALL_TERMS_FIXED_LABELPATCH_KEEP_NO_WIRES_E0_TAIL.ROOT.DSN.bin","77217","cbc6cac3886c2a50169359f64adbccc9885e12869a7d9e3de3e78e0a56403c20"
"R21_TERMINAL_NETWORK_V6_FIXED_TERMINAL_LABEL_PATCH.zip","TEST_R21_V6_ALL_TERMS_FIXED_LABELPATCH_KEEP_WITH_WIRES_E0_TAIL.pdsprj","artifacts/proteus_v9_recovery/files/R21_TERMINAL_NETWORK_V6_FIXED_TERMINAL_LABEL_PATCH__TEST_R21_V6_ALL_TERMS_FIXED_LABELPATCH_KEEP_WITH_WIRES_E0_TAIL.pdsprj","12837","a7c9399b3d7c0ef39044c11c0cbeb9a9a9b60371931243130e595992120fd97b"
"R21_TERMINAL_NETWORK_V6_FIXED_TERMINAL_LABEL_PATCH.zip","TEST_R21_V6_ALL_TERMS_FIXED_LABELPATCH_KEEP_WITH_WIRES_E0_TAIL.ROOT.CDB.bin","artifacts/proteus_v9_recovery/files/R21_TERMINAL_NETWORK_V6_FIXED_TERMINAL_LABEL_PATCH__TEST_R21_V6_ALL_TERMS_FIXED_LABELPATCH_KEEP_WITH_WIRES_E0_TAIL.ROOT.CDB.bin","2293","c5761d5ea7c1f9eb4ab831e32cc16110e48b98de87f42466e507581ceed31b84"
"R21_TERMINAL_NETWORK_V6_FIXED_TERMINAL_LABEL_PATCH.zip","TEST_R21_V6_ALL_TERMS_FIXED_LABELPATCH_KEEP_WITH_WIRES_E0_TAIL.ROOT.DSN.bin","artifacts/proteus_v9_recovery/files/R21_TERMINAL_NETWORK_V6_FIXED_TERMINAL_LABEL_PATCH__TEST_R21_V6_ALL_TERMS_FIXED_LABELPATCH_KEEP_WITH_WIRES_E0_TAIL.ROOT.DSN.bin","79317","851e659e29b94e4c5f55798250d8e9b5dc3ef5613d0de6a0e1774cfd71884094"
"R21_TERMINAL_NETWORK_V6_FIXED_TERMINAL_LABEL_PATCH.zip","TEST_R21_V6_ALL_TERMS_FIXED_LABELPATCH_UNIQUE_NO_WIRES_E0_TAIL.pdsprj","artifacts/proteus_v9_recovery/files/R21_TERMINAL_NETWORK_V6_FIXED_TERMINAL_LABEL_PATCH__TEST_R21_V6_ALL_TERMS_FIXED_LABELPATCH_UNIQUE_NO_WIRES_E0_TAIL.pdsprj","12544","9c626a2c6710c400b487884fe4a90ed750601a6babf9328b814c55ff9a4da240"
"R21_TERMINAL_NETWORK_V6_FIXED_TERMINAL_LABEL_PATCH.zip","TEST_R21_V6_ALL_TERMS_FIXED_LABELPATCH_UNIQUE_NO_WIRES_E0_TAIL.ROOT.CDB.bin","artifacts/proteus_v9_recovery/files/R21_TERMINAL_NETWORK_V6_FIXED_TERMINAL_LABEL_PATCH__TEST_R21_V6_ALL_TERMS_FIXED_LABELPATCH_UNIQUE_NO_WIRES_E0_TAIL.ROOT.CDB.bin","2293","c5761d5ea7c1f9eb4ab831e32cc16110e48b98de87f42466e507581ceed31b84"
"R21_TERMINAL_NETWORK_V6_FIXED_TERMINAL_LABEL_PATCH.zip","TEST_R21_V6_ALL_TERMS_FIXED_LABELPATCH_UNIQUE_NO_WIRES_E0_TAIL.ROOT.DSN.bin","artifacts/proteus_v9_recovery/files/R21_TERMINAL_NETWORK_V6_FIXED_TERMINAL_LABEL_PATCH__TEST_R21_V6_ALL_TERMS_FIXED_LABELPATCH_UNIQUE_NO_WIRES_E0_TAIL.ROOT.DSN.bin","77217","b945ae75e4f970feef6d158ae2194efe248426dd3ae841f23f2e071279845140"
"R21_TERMINAL_NETWORK_V6_FIXED_TERMINAL_LABEL_PATCH.zip","TEST_R21_V6_ALL_TERMS_FIXED_LABELPATCH_UNIQUE_WITH_WIRES_E0_TAIL.pdsprj","artifacts/proteus_v9_recovery/files/R21_TERMINAL_NETWORK_V6_FIXED_TERMINAL_LABEL_PATCH__TEST_R21_V6_ALL_TERMS_FIXED_LABELPATCH_UNIQUE_WITH_WIRES_E0_TAIL.pdsprj","12900","25d5e55f7c673bfcbfba3a5bd2c0b59c5fceeeb0c42e4628c6cb366acfa65cf6"
"R21_TERMINAL_NETWORK_V6_FIXED_TERMINAL_LABEL_PATCH.zip","TEST_R21_V6_ALL_TERMS_FIXED_LABELPATCH_UNIQUE_WITH_WIRES_E0_TAIL.ROOT.CDB.bin","artifacts/proteus_v9_recovery/files/R21_TERMINAL_NETWORK_V6_FIXED_TERMINAL_LABEL_PATCH__TEST_R21_V6_ALL_TERMS_FIXED_LABELPATCH_UNIQUE_WITH_WIRES_E0_TAIL.ROOT.CDB.bin","2293","c5761d5ea7c1f9eb4ab831e32cc16110e48b98de87f42466e507581ceed31b84"
"R21_TERMINAL_NETWORK_V6_FIXED_TERMINAL_LABEL_PATCH.zip","TEST_R21_V6_ALL_TERMS_FIXED_LABELPATCH_UNIQUE_WITH_WIRES_E0_TAIL.ROOT.DSN.bin","artifacts/proteus_v9_recovery/files/R21_TERMINAL_NETWORK_V6_FIXED_TERMINAL_LABEL_PATCH__TEST_R21_V6_ALL_TERMS_FIXED_LABELPATCH_UNIQUE_WITH_WIRES_E0_TAIL.ROOT.DSN.bin","79317","0b1a1e056934adf840273b5d0e49b35a0e9c211726e9c7abbd2ae627b573c453"
"R21_TERMINAL_NETWORK_V6_FIXED_TERMINAL_LABEL_PATCH.zip","TEST_R21_V6_RESISTORS_ONLY_BASELINE_E0_TAIL.pdsprj","artifacts/proteus_v9_recovery/files/R21_TERMINAL_NETWORK_V6_FIXED_TERMINAL_LABEL_PATCH__TEST_R21_V6_RESISTORS_ONLY_BASELINE_E0_TAIL.pdsprj","11930","859e041b8a21154bf38a1e859b92c85f6483c0c234ed3c2e0444d2e7d0b251c5"
"R21_TERMINAL_NETWORK_V6_FIXED_TERMINAL_LABEL_PATCH.zip","TEST_R21_V6_RESISTORS_ONLY_BASELINE_E0_TAIL.ROOT.CDB.bin","artifacts/proteus_v9_recovery/files/R21_TERMINAL_NETWORK_V6_FIXED_TERMINAL_LABEL_PATCH__TEST_R21_V6_RESISTORS_ONLY_BASELINE_E0_TAIL.ROOT.CDB.bin","2293","c5761d5ea7c1f9eb4ab831e32cc16110e48b98de87f42466e507581ceed31b84"
"R21_TERMINAL_NETWORK_V6_FIXED_TERMINAL_LABEL_PATCH.zip","TEST_R21_V6_RESISTORS_ONLY_BASELINE_E0_TAIL.ROOT.DSN.bin","artifacts/proteus_v9_recovery/files/R21_TERMINAL_NETWORK_V6_FIXED_TERMINAL_LABEL_PATCH__TEST_R21_V6_RESISTORS_ONLY_BASELINE_E0_TAIL.ROOT.DSN.bin","72871","209bb038b6a41ee40dbb3ead170563cf0805a5d4888ea8d5a122364bb8781d6e"
"R21_TERMINAL_NETWORK_V6_FIXED_TERMINAL_LABEL_PATCH.zip","TEST_R21_V6_TWO_TERMS_B6_M0_FIXED_LABELPATCH_E0_TAIL.pdsprj","artifacts/proteus_v9_recovery/files/R21_TERMINAL_NETWORK_V6_FIXED_TERMINAL_LABEL_PATCH__TEST_R21_V6_TWO_TERMS_B6_M0_FIXED_LABELPATCH_E0_TAIL.pdsprj","12003","dd3d3be23aeafd3b6a9ba644052949e09408ecc97a3e1e8dab8bc751eb0c7f62"
"R21_TERMINAL_NETWORK_V6_FIXED_TERMINAL_LABEL_PATCH.zip","TEST_R21_V6_TWO_TERMS_B6_M0_FIXED_LABELPATCH_E0_TAIL.ROOT.CDB.bin","artifacts/proteus_v9_recovery/files/R21_TERMINAL_NETWORK_V6_FIXED_TERMINAL_LABEL_PATCH__TEST_R21_V6_TWO_TERMS_B6_M0_FIXED_LABELPATCH_E0_TAIL.ROOT.CDB.bin","2293","c5761d5ea7c1f9eb4ab831e32cc16110e48b98de87f42466e507581ceed31b84"
"R21_TERMINAL_NETWORK_V6_FIXED_TERMINAL_LABEL_PATCH.zip","TEST_R21_V6_TWO_TERMS_B6_M0_FIXED_LABELPATCH_E0_TAIL.ROOT.DSN.bin","artifacts/proteus_v9_recovery/files/R21_TERMINAL_NETWORK_V6_FIXED_TERMINAL_LABEL_PATCH__TEST_R21_V6_TWO_TERMS_B6_M0_FIXED_LABELPATCH_E0_TAIL.ROOT.DSN.bin","73077","e44083c4c45a27947736d41d2358da67a1614c8b15c10f4f4eddc4f27679b6b5"
"R21_TERMINAL_NETWORK_V6_FIXED_TERMINAL_LABEL_PATCH.zip","TEST_R21_V6_TWO_TERMS_N0_A1_FIXED_LABELPATCH_E0_TAIL.pdsprj","artifacts/proteus_v9_recovery/files/R21_TERMINAL_NETWORK_V6_FIXED_TERMINAL_LABEL_PATCH__TEST_R21_V6_TWO_TERMS_N0_A1_FIXED_LABELPATCH_E0_TAIL.pdsprj","12007","d99a8a885e3ce6ea85e4742551cf0493af363031c07c87667a7edbb402bdac67"
"R21_TERMINAL_NETWORK_V6_FIXED_TERMINAL_LABEL_PATCH.zip","TEST_R21_V6_TWO_TERMS_N0_A1_FIXED_LABELPATCH_E0_TAIL.ROOT.CDB.bin","artifacts/proteus_v9_recovery/files/R21_TERMINAL_NETWORK_V6_FIXED_TERMINAL_LABEL_PATCH__TEST_R21_V6_TWO_TERMS_N0_A1_FIXED_LABELPATCH_E0_TAIL.ROOT.CDB.bin","2293","c5761d5ea7c1f9eb4ab831e32cc16110e48b98de87f42466e507581ceed31b84"
"R21_TERMINAL_NETWORK_V6_FIXED_TERMINAL_LABEL_PATCH.zip","TEST_R21_V6_TWO_TERMS_N0_A1_FIXED_LABELPATCH_E0_TAIL.ROOT.DSN.bin","artifacts/proteus_v9_recovery/files/R21_TERMINAL_NETWORK_V6_FIXED_TERMINAL_LABEL_PATCH__TEST_R21_V6_TWO_TERMS_N0_A1_FIXED_LABELPATCH_E0_TAIL.ROOT.DSN.bin","73077","b1c0efa37ec1f673f521c4d1fa891148e92b3179dcfac3a15bc8b56c28ab78bd"
"R21_TERMINAL_RESISTOR_FINAL_CHECKS_V7_E001.zip","CONTROL_E001_EMPTY_BASE.pdsprj","artifacts/proteus_v9_recovery/files/R21_TERMINAL_RESISTOR_FINAL_CHECKS_V7_E001__CONTROL_E001_EMPTY_BASE.pdsprj","10550","74532bcb33fcc293da833d13eb30e5fa1fec7865ebb3793eed51602ec719781f"
"R21_TERMINAL_RESISTOR_FINAL_CHECKS_V7_E001.zip","generation_code_used.py","artifacts/proteus_v9_recovery/files/R21_TERMINAL_RESISTOR_FINAL_CHECKS_V7_E001__generation_code_used.py","14285","08316bd1ba06a82fb83240211b4398af7f66691f2ea6ee6613f2f0eefc9dafa5"
"R21_TERMINAL_RESISTOR_FINAL_CHECKS_V7_E001.zip","manifest.json","artifacts/proteus_v9_recovery/files/R21_TERMINAL_RESISTOR_FINAL_CHECKS_V7_E001__manifest.json","22622","c4f14beca4aeaac0a44d033b4b79ec648ea45773945d62a4b0ce092dd799c6c3"
"R21_TERMINAL_RESISTOR_FINAL_CHECKS_V7_E001.zip","README_TEST_FIRST.txt","artifacts/proteus_v9_recovery/files/R21_TERMINAL_RESISTOR_FINAL_CHECKS_V7_E001__README_TEST_FIRST.txt","1978","6f8664cd65710328a25951f49c69dd96353fd00b49884263448cc783484238e8"
"R21_TERMINAL_RESISTOR_FINAL_CHECKS_V7_E001.zip","TEST_V7_R1_RESISTOR_ONLY_E001_BASELINE.pdsprj","artifacts/proteus_v9_recovery/files/R21_TERMINAL_RESISTOR_FINAL_CHECKS_V7_E001__TEST_V7_R1_RESISTOR_ONLY_E001_BASELINE.pdsprj","11002","f468958f7afd00a23d18fd608dd0b5e293cc0ff061e6f92d322b086f34c0eebb"
"R21_TERMINAL_RESISTOR_FINAL_CHECKS_V7_E001.zip","TEST_V7_R1_RESISTOR_ONLY_E001_BASELINE.ROOT.CDB.bin","artifacts/proteus_v9_recovery/files/R21_TERMINAL_RESISTOR_FINAL_CHECKS_V7_E001__TEST_V7_R1_RESISTOR_ONLY_E001_BASELINE.ROOT.CDB.bin","221","a3af4098f6eb5bc46501fdabe58d0f66b2bb3aac9917be1692e2525daa684c1d"
"R21_TERMINAL_RESISTOR_FINAL_CHECKS_V7_E001.zip","TEST_V7_R1_RESISTOR_ONLY_E001_BASELINE.ROOT.DSN.bin","artifacts/proteus_v9_recovery/files/R21_TERMINAL_RESISTOR_FINAL_CHECKS_V7_E001__TEST_V7_R1_RESISTOR_ONLY_E001_BASELINE.ROOT.DSN.bin","65951","6f5a10edfd4c15e7d4833098b886c80273f6338a37fbbab6b7d2ccb0435815f8"
"R21_TERMINAL_RESISTOR_FINAL_CHECKS_V7_E001.zip","TEST_V7_R1_TERMINALS_CONTACT_TIP_NO_WIRES.pdsprj","artifacts/proteus_v9_recovery/files/R21_TERMINAL_RESISTOR_FINAL_CHECKS_V7_E001__TEST_V7_R1_TERMINALS_CONTACT_TIP_NO_WIRES.pdsprj","11079","e952e141edaf9f1208cb3bdf08ce962fdff35e6752c02388f96a360bb43776d5"
"R21_TERMINAL_RESISTOR_FINAL_CHECKS_V7_E001.zip","TEST_V7_R1_TERMINALS_CONTACT_TIP_NO_WIRES.ROOT.CDB.bin","artifacts/proteus_v9_recovery/files/R21_TERMINAL_RESISTOR_FINAL_CHECKS_V7_E001__TEST_V7_R1_TERMINALS_CONTACT_TIP_NO_WIRES.ROOT.CDB.bin","221","a3af4098f6eb5bc46501fdabe58d0f66b2bb3aac9917be1692e2525daa684c1d"
"R21_TERMINAL_RESISTOR_FINAL_CHECKS_V7_E001.zip","TEST_V7_R1_TERMINALS_CONTACT_TIP_NO_WIRES.ROOT.DSN.bin","artifacts/proteus_v9_recovery/files/R21_TERMINAL_RESISTOR_FINAL_CHECKS_V7_E001__TEST_V7_R1_TERMINALS_CONTACT_TIP_NO_WIRES.ROOT.DSN.bin","66157","efa2162556eade4ef3b54899b48907a7eecbf09cb7e4dab8d94d774c1490673f"
"R21_TERMINAL_RESISTOR_FINAL_CHECKS_V7_E001.zip","TEST_V7_R1_TERMINALS_OLD_SPACING_NO_WIRES.pdsprj","artifacts/proteus_v9_recovery/files/R21_TERMINAL_RESISTOR_FINAL_CHECKS_V7_E001__TEST_V7_R1_TERMINALS_OLD_SPACING_NO_WIRES.pdsprj","11078","a901f3c117c453d9c231df51734355c0bb887c48ead56f65be1d403f335eb395"
"R21_TERMINAL_RESISTOR_FINAL_CHECKS_V7_E001.zip","TEST_V7_R1_TERMINALS_OLD_SPACING_NO_WIRES.ROOT.CDB.bin","artifacts/proteus_v9_recovery/files/R21_TERMINAL_RESISTOR_FINAL_CHECKS_V7_E001__TEST_V7_R1_TERMINALS_OLD_SPACING_NO_WIRES.ROOT.CDB.bin","221","a3af4098f6eb5bc46501fdabe58d0f66b2bb3aac9917be1692e2525daa684c1d"
"R21_TERMINAL_RESISTOR_FINAL_CHECKS_V7_E001.zip","TEST_V7_R1_TERMINALS_OLD_SPACING_NO_WIRES.ROOT.DSN.bin","artifacts/proteus_v9_recovery/files/R21_TERMINAL_RESISTOR_FINAL_CHECKS_V7_E001__TEST_V7_R1_TERMINALS_OLD_SPACING_NO_WIRES.ROOT.DSN.bin","66157","3fb502635923afab5a7ff0cf44bc699813ac86f0cc716057f0178c8faad37e47"
"R21_TERMINAL_RESISTOR_FINAL_CHECKS_V7_E001.zip","TEST_V7_R1_TERMINALS_SYMBOL_ON_PIN_NO_WIRES.pdsprj","artifacts/proteus_v9_recovery/files/R21_TERMINAL_RESISTOR_FINAL_CHECKS_V7_E001__TEST_V7_R1_TERMINALS_SYMBOL_ON_PIN_NO_WIRES.pdsprj","11074","b3f39d57ce84cbfe77913c0e9a15b34227c9e860f4530215e61559899a912aa7"
"R21_TERMINAL_RESISTOR_FINAL_CHECKS_V7_E001.zip","TEST_V7_R1_TERMINALS_SYMBOL_ON_PIN_NO_WIRES.ROOT.CDB.bin","artifacts/proteus_v9_recovery/files/R21_TERMINAL_RESISTOR_FINAL_CHECKS_V7_E001__TEST_V7_R1_TERMINALS_SYMBOL_ON_PIN_NO_WIRES.ROOT.CDB.bin","221","a3af4098f6eb5bc46501fdabe58d0f66b2bb3aac9917be1692e2525daa684c1d"
"R21_TERMINAL_RESISTOR_FINAL_CHECKS_V7_E001.zip","TEST_V7_R1_TERMINALS_SYMBOL_ON_PIN_NO_WIRES.ROOT.DSN.bin","artifacts/proteus_v9_recovery/files/R21_TERMINAL_RESISTOR_FINAL_CHECKS_V7_E001__TEST_V7_R1_TERMINALS_SYMBOL_ON_PIN_NO_WIRES.ROOT.DSN.bin","66157","648619badcc3efdb6d7240a2b06d8b04403005017891fe8c8969d72c1f9e342e"
"R21_TERMINAL_RESISTOR_FINAL_CHECKS_V7_E001.zip","TEST_V7_R2_SERIES_TERMINALS_CONTACT_TIP_INTERLEAVED_NO_WIRES.pdsprj","artifacts/proteus_v9_recovery/files/R21_TERMINAL_RESISTOR_FINAL_CHECKS_V7_E001__TEST_V7_R2_SERIES_TERMINALS_CONTACT_TIP_INTERLEAVED_NO_WIRES.pdsprj","11166","d168b07cb7664c7042f1a15075cc2344ede9609afe610735b41e6245a1287ccf"
"R21_TERMINAL_RESISTOR_FINAL_CHECKS_V7_E001.zip","TEST_V7_R2_SERIES_TERMINALS_CONTACT_TIP_INTERLEAVED_NO_WIRES.ROOT.CDB.bin","artifacts/proteus_v9_recovery/files/R21_TERMINAL_RESISTOR_FINAL_CHECKS_V7_E001__TEST_V7_R2_SERIES_TERMINALS_CONTACT_TIP_INTERLEAVED_NO_WIRES.ROOT.CDB.bin","324","d627fc676a665734db164e1dcdf451faaddfac723d2dcafa24612f349866d73e"
"R21_TERMINAL_RESISTOR_FINAL_CHECKS_V7_E001.zip","TEST_V7_R2_SERIES_TERMINALS_CONTACT_TIP_INTERLEAVED_NO_WIRES.ROOT.DSN.bin","artifacts/proteus_v9_recovery/files/R21_TERMINAL_RESISTOR_FINAL_CHECKS_V7_E001__TEST_V7_R2_SERIES_TERMINALS_CONTACT_TIP_INTERLEAVED_NO_WIRES.ROOT.DSN.bin","66710","f7f58c93f93df3cd9802c093ede0c554dd757c6dd4a7d2be52648b360df5220e"
"R21_TERMINAL_RESISTOR_FINAL_CHECKS_V7_E001.zip","TEST_V7_R2_SERIES_TERMINALS_CONTACT_TIP_NO_WIRES.pdsprj","artifacts/proteus_v9_recovery/files/R21_TERMINAL_RESISTOR_FINAL_CHECKS_V7_E001__TEST_V7_R2_SERIES_TERMINALS_CONTACT_TIP_NO_WIRES.pdsprj","11163","a3f3ff3c99878e8b407f02922c582e3bdc7fba653720fff6f6e9f379c94e706a"
"R21_TERMINAL_RESISTOR_FINAL_CHECKS_V7_E001.zip","TEST_V7_R2_SERIES_TERMINALS_CONTACT_TIP_NO_WIRES.ROOT.CDB.bin","artifacts/proteus_v9_recovery/files/R21_TERMINAL_RESISTOR_FINAL_CHECKS_V7_E001__TEST_V7_R2_SERIES_TERMINALS_CONTACT_TIP_NO_WIRES.ROOT.CDB.bin","324","d627fc676a665734db164e1dcdf451faaddfac723d2dcafa24612f349866d73e"
"R21_TERMINAL_RESISTOR_FINAL_CHECKS_V7_E001.zip","TEST_V7_R2_SERIES_TERMINALS_CONTACT_TIP_NO_WIRES.ROOT.DSN.bin","artifacts/proteus_v9_recovery/files/R21_TERMINAL_RESISTOR_FINAL_CHECKS_V7_E001__TEST_V7_R2_SERIES_TERMINALS_CONTACT_TIP_NO_WIRES.ROOT.DSN.bin","66710","e53a92997e6cf8c891acc362c50ac078e15edff71709ef83f90632b18149358f"
"R21_TERMINAL_RESISTOR_FINAL_CHECKS_V7_E001.zip","TEST_V7_R21_EXPERIMENTAL_TRUE_VISIBLE_VALUES_CONTACT_TIP_NO_WIRES.pdsprj","artifacts/proteus_v9_recovery/files/R21_TERMINAL_RESISTOR_FINAL_CHECKS_V7_E001__TEST_V7_R21_EXPERIMENTAL_TRUE_VISIBLE_VALUES_CONTACT_TIP_NO_WIRES.pdsprj","12550","4cd4d9c603151f4c22937b88055ffa7c21e6f07ff0a71819d2978c7a76a5f5b5"
"R21_TERMINAL_RESISTOR_FINAL_CHECKS_V7_E001.zip","TEST_V7_R21_EXPERIMENTAL_TRUE_VISIBLE_VALUES_CONTACT_TIP_NO_WIRES.ROOT.CDB.bin","artifacts/proteus_v9_recovery/files/R21_TERMINAL_RESISTOR_FINAL_CHECKS_V7_E001__TEST_V7_R21_EXPERIMENTAL_TRUE_VISIBLE_VALUES_CONTACT_TIP_NO_WIRES.ROOT.CDB.bin","2293","c5761d5ea7c1f9eb4ab831e32cc16110e48b98de87f42466e507581ceed31b84"
"R21_TERMINAL_RESISTOR_FINAL_CHECKS_V7_E001.zip","TEST_V7_R21_EXPERIMENTAL_TRUE_VISIBLE_VALUES_CONTACT_TIP_NO_WIRES.ROOT.DSN.bin","artifacts/proteus_v9_recovery/files/R21_TERMINAL_RESISTOR_FINAL_CHECKS_V7_E001__TEST_V7_R21_EXPERIMENTAL_TRUE_VISIBLE_VALUES_CONTACT_TIP_NO_WIRES.ROOT.DSN.bin","77229","08d5007b1e63f2dacd366492c63b376c7552086541c383ace35a4685a305c9b0"
"R21_TERMINAL_RESISTOR_FINAL_CHECKS_V7_E001.zip","TEST_V7_R21_FINAL_CONTACT_TIP_INTERLEAVED_NO_WIRES_SAFE_VALUES.pdsprj","artifacts/proteus_v9_recovery/files/R21_TERMINAL_RESISTOR_FINAL_CHECKS_V7_E001__TEST_V7_R21_FINAL_CONTACT_TIP_INTERLEAVED_NO_WIRES_SAFE_VALUES.pdsprj","12608","fe25feb3fefe3f935fdf4e438b68534a4ab4364b6e74825fe63126312683a535"
"R21_TERMINAL_RESISTOR_FINAL_CHECKS_V7_E001.zip","TEST_V7_R21_FINAL_CONTACT_TIP_INTERLEAVED_NO_WIRES_SAFE_VALUES.ROOT.CDB.bin","artifacts/proteus_v9_recovery/files/R21_TERMINAL_RESISTOR_FINAL_CHECKS_V7_E001__TEST_V7_R21_FINAL_CONTACT_TIP_INTERLEAVED_NO_WIRES_SAFE_VALUES.ROOT.CDB.bin","2293","c5761d5ea7c1f9eb4ab831e32cc16110e48b98de87f42466e507581ceed31b84"
"R21_TERMINAL_RESISTOR_FINAL_CHECKS_V7_E001.zip","TEST_V7_R21_FINAL_CONTACT_TIP_INTERLEAVED_NO_WIRES_SAFE_VALUES.ROOT.DSN.bin","artifacts/proteus_v9_recovery/files/R21_TERMINAL_RESISTOR_FINAL_CHECKS_V7_E001__TEST_V7_R21_FINAL_CONTACT_TIP_INTERLEAVED_NO_WIRES_SAFE_VALUES.ROOT.DSN.bin","77217","82d4c42287635106be5cb3b343564e133963da044dfec5c26a385780a23a436e"
"R21_TERMINAL_RESISTOR_FINAL_CHECKS_V7_E001.zip","TEST_V7_R21_FINAL_CONTACT_TIP_TERMS_FIRST_NO_WIRES_SAFE_VALUES.pdsprj","artifacts/proteus_v9_recovery/files/R21_TERMINAL_RESISTOR_FINAL_CHECKS_V7_E001__TEST_V7_R21_FINAL_CONTACT_TIP_TERMS_FIRST_NO_WIRES_SAFE_VALUES.pdsprj","12547","e6afa6e63f9ce9e5ed02191175f4b363091d5c8b5c338dc4dc917be8cd82bd31"
"R21_TERMINAL_RESISTOR_FINAL_CHECKS_V7_E001.zip","TEST_V7_R21_FINAL_CONTACT_TIP_TERMS_FIRST_NO_WIRES_SAFE_VALUES.ROOT.CDB.bin","artifacts/proteus_v9_recovery/files/R21_TERMINAL_RESISTOR_FINAL_CHECKS_V7_E001__TEST_V7_R21_FINAL_CONTACT_TIP_TERMS_FIRST_NO_WIRES_SAFE_VALUES.ROOT.CDB.bin","2293","c5761d5ea7c1f9eb4ab831e32cc16110e48b98de87f42466e507581ceed31b84"
"R21_TERMINAL_RESISTOR_FINAL_CHECKS_V7_E001.zip","TEST_V7_R21_FINAL_CONTACT_TIP_TERMS_FIRST_NO_WIRES_SAFE_VALUES.ROOT.DSN.bin","artifacts/proteus_v9_recovery/files/R21_TERMINAL_RESISTOR_FINAL_CHECKS_V7_E001__TEST_V7_R21_FINAL_CONTACT_TIP_TERMS_FIRST_NO_WIRES_SAFE_VALUES.ROOT.DSN.bin","77217","9fc77ee1a494b16951328e640c379645b96b1d277029af267d5ef96791731650"
"R21_TERMINAL_RESISTOR_FINAL_CHECKS_V7_E001.zip","TEST_V7_R21_RESISTORS_ONLY_E001_BASELINE.pdsprj","artifacts/proteus_v9_recovery/files/R21_TERMINAL_RESISTOR_FINAL_CHECKS_V7_E001__TEST_V7_R21_RESISTORS_ONLY_E001_BASELINE.pdsprj","11923","519b148ac3381366135d5d96fa65165af6351057623626acc9159fe329b8fd02"
"R21_TERMINAL_RESISTOR_FINAL_CHECKS_V7_E001.zip","TEST_V7_R21_RESISTORS_ONLY_E001_BASELINE.ROOT.CDB.bin","artifacts/proteus_v9_recovery/files/R21_TERMINAL_RESISTOR_FINAL_CHECKS_V7_E001__TEST_V7_R21_RESISTORS_ONLY_E001_BASELINE.ROOT.CDB.bin","2293","c5761d5ea7c1f9eb4ab831e32cc16110e48b98de87f42466e507581ceed31b84"
"R21_TERMINAL_RESISTOR_FINAL_CHECKS_V7_E001.zip","TEST_V7_R21_RESISTORS_ONLY_E001_BASELINE.ROOT.DSN.bin","artifacts/proteus_v9_recovery/files/R21_TERMINAL_RESISTOR_FINAL_CHECKS_V7_E001__TEST_V7_R21_RESISTORS_ONLY_E001_BASELINE.ROOT.DSN.bin","72871","69738cc99dcd54a2819d2a2ac920aebb40c2cce04ff4ad365d6fcc2de42cdd18"
